rosbagTimestamp,linear,x,y,z,angular,x,y,z
2133263000000,,0.0,0.0,0.0,,0.0,0.0,0.0
2133263000000,,0.0,0.0,0.0,,0.0,0.0,0.0
2133303000000,,0.0,0.0,0.0,,0.0,0.0,0.0
2133311000000,,0.0284880101681,0.0,0.0,,0.0,0.0,0.0
2133327000000,,0.36877617836,0.0,0.0,,0.0,0.0,0.0
2133343000000,,0.4,0.0,0.0,,0.0,0.0,0.0
2133383000000,,0.4,0.0,0.0,,0.0,0.0,0.0
2133424000000,,0.4,0.0,0.0,,0.0,0.0,0.0
2133466000000,,0.4,0.0,0.0,,0.0,0.0,0.0
2133506000000,,0.4,0.0,0.0,,0.0,0.0,0.0
2133547000000,,0.4,0.0,0.0,,0.0,0.0,0.0
2133588000000,,0.4,0.0,0.0,,0.0,0.0,0.0
2133629000000,,0.4,0.0,0.0,,0.0,0.0,0.0
2133670000000,,0.4,0.0,0.0,,0.0,0.0,0.0
2133712000000,,0.4,0.0,0.0,,0.0,0.0,0.0
2133753000000,,0.4,0.0,0.0,,0.0,0.0,0.0
2133783000000,,0.4,0.0,0.0,,0.0,0.0,0.0
2133823000000,,0.4,0.0,0.0,,0.0,0.0,0.0
2133863000000,,0.4,0.0,0.0,,0.0,0.0,0.0
2133903000000,,0.4,0.0,0.0,,0.0,0.0,0.0
2133940000000,,0.4,0.0,0.0,,0.0,0.0,0.0
2133978000000,,0.4,0.0,0.0,,0.0,0.0,0.0
2134019000000,,0.4,0.0,0.0,,0.0,0.0,0.0
2134061000000,,0.4,0.0,0.0,,0.0,0.0,0.0
2134103000000,,0.4,0.0,0.0,,0.0,0.0,0.0
2134144000000,,0.4,0.0,0.0,,0.0,0.0,0.0
2134187000000,,0.4,0.0,0.0,,0.0,0.0,0.0
2134229000000,,0.4,0.0,0.0,,0.0,0.0,0.0
2134272000000,,0.4,0.0,0.0,,0.0,0.0,0.0
2134315000000,,0.4,0.0,0.0,,0.0,0.0,0.0
2134358000000,,0.4,0.0,0.0,,0.0,0.0,0.0
2134402000000,,0.4,0.0,0.0,,0.0,0.0,0.0
2134443000000,,0.4,0.0,0.0,,0.0,0.0,0.0
2134484000000,,0.4,0.0,0.0,,0.0,0.0,0.0
2134527000000,,0.4,0.0,0.0,,0.0,0.0,0.0
2134570000000,,0.4,0.0,0.0,,0.0,0.0,0.0
2134613000000,,0.4,0.0,0.0,,0.0,0.0,0.0
2134657000000,,0.4,0.0,0.0,,0.0,0.0,0.0
2134700000000,,0.4,0.0,0.0,,0.0,0.0,0.0
2134743000000,,0.4,0.0,0.0,,0.0,0.0,0.0
2134783000000,,0.4,0.0,0.0,,0.0,0.0,0.0
2134824000000,,0.4,0.0,0.0,,0.0,0.0,0.0
2134866000000,,0.4,0.0,0.0,,0.0,0.0,0.0
2134908000000,,0.4,0.0,0.0,,0.0,0.0,0.0
2134951000000,,0.4,0.0,0.0,,0.0,0.0,0.0
2134993000000,,0.4,0.0,0.0,,0.0,0.0,0.0
2135035000000,,0.4,0.0,0.0,,0.0,0.0,0.0
2135077000000,,0.4,0.0,0.0,,0.0,0.0,0.0
2135120000000,,0.4,0.0,0.0,,0.0,0.0,0.0
2135162000000,,0.4,0.0,0.0,,0.0,0.0,0.0
2135203000000,,0.4,0.0,0.0,,0.0,0.0,0.0
2135243000000,,0.4,0.0,0.0,,0.0,0.0,0.0
2135284000000,,0.4,0.0,0.0,,0.0,0.0,0.0
2135325000000,,0.4,0.0,0.0,,0.0,0.0,0.0
2135367000000,,0.4,0.0,0.0,,0.0,0.0,0.0
2135409000000,,0.4,0.0,0.0,,0.0,0.0,0.0
2135452000000,,0.4,0.0,0.0,,0.0,0.0,0.0
2135494000000,,0.4,0.0,0.0,,0.0,0.0,0.0
2135534000000,,0.4,0.0,0.0,,0.0,0.0,0.0
2135576000000,,0.4,0.0,0.0,,0.0,0.0,0.0
2135617000000,,0.4,0.0,0.0,,0.0,0.0,0.0
2135657000000,,0.4,0.0,0.0,,0.0,0.0,0.0
2135698000000,,0.4,0.0,0.0,,0.0,0.0,0.0
2135739000000,,0.4,0.0,0.0,,0.0,0.0,0.0
2135780000000,,0.4,0.0,0.0,,0.0,0.0,0.0
2135811000000,,0.4,0.0,0.0,,0.0,0.0,0.0
2135854000000,,0.4,0.0,0.0,,0.0,0.0,0.0
2135898000000,,0.4,0.0,0.0,,0.0,0.0,0.0
2135942000000,,0.4,0.0,0.0,,0.0,0.0,0.0
2135983000000,,0.4,0.0,0.0,,0.0,0.0,0.0
2136026000000,,0.4,0.0,0.0,,0.0,0.0,0.0
2136070000000,,0.4,0.0,0.0,,0.0,0.0,0.0
2136114000000,,0.4,0.0,0.0,,0.0,0.0,0.0
2136148000000,,0.4,0.0,0.0,,0.0,0.0,0.0
2136187000000,,0.4,0.0,0.0,,0.0,0.0,0.0
2136225000000,,0.4,0.0,0.0,,0.0,0.0,0.0
2136263000000,,0.4,0.0,0.0,,0.0,0.0,0.0
2136303000000,,0.4,0.0,0.0,,0.0,0.0,0.0
2136343000000,,0.4,0.0,0.0,,0.0,0.0,0.0
2136381000000,,0.4,0.0,0.0,,0.0,0.0,0.0
2136423000000,,0.4,0.0,0.0,,0.0,0.0,0.0
2136463000000,,0.4,0.0,0.0,,0.0,0.0,0.0
2136499000000,,0.4,0.0,0.0,,0.0,0.0,0.0
2136534000000,,0.4,0.0,0.0,,0.0,0.0,0.0
2136569000000,,0.4,0.0,0.0,,0.0,0.0,0.0
2136611000000,,0.4,0.0,0.0,,0.0,0.0,0.0
2136655000000,,0.4,0.0,0.0,,0.0,0.0,0.0
2136699000000,,0.4,0.0,0.0,,0.0,0.0,0.0
2136743000000,,0.4,0.0,0.0,,0.0,0.0,0.0
2136778000000,,0.4,0.0,0.0,,0.0,0.0,0.0
2136816000000,,0.4,0.0,0.0,,0.0,0.0,0.0
2136854000000,,0.4,0.0,0.0,,0.0,0.0,0.0
2136893000000,,0.4,0.0,0.0,,0.0,0.0,0.0
2136933000000,,0.4,0.0,0.0,,0.0,0.0,0.0
2136974000000,,0.4,0.0,0.0,,0.0,0.0,0.0
2137014000000,,0.4,0.0,0.0,,0.0,0.0,0.0
2137054000000,,0.4,0.0,0.0,,0.0,0.0,0.0
2137094000000,,0.4,0.0,0.0,,0.0,0.0,0.0
2137134000000,,0.4,0.0,0.0,,0.0,0.0,0.0
2137172000000,,0.4,0.0,0.0,,0.0,0.0,0.0
2137212000000,,0.4,0.0,0.0,,0.0,0.0,0.0
2137254000000,,0.4,0.0,0.0,,0.0,0.0,0.0
2137296000000,,0.4,0.0,0.0,,0.0,0.0,0.0
2137338000000,,0.4,0.0,0.0,,0.0,0.0,0.0
2137380000000,,0.4,0.0,0.0,,0.0,0.0,0.0
2137423000000,,0.4,0.0,0.0,,0.0,0.0,0.0
2137463000000,,0.4,0.0,0.0,,0.0,0.0,0.0
2137496000000,,0.4,0.0,0.0,,0.0,0.0,0.0
2137536000000,,0.4,0.0,0.0,,0.0,0.0,0.0
2137576000000,,0.4,0.0,0.0,,0.0,0.0,0.0
2137616000000,,0.4,0.0,0.0,,0.0,0.0,0.0
2137649000000,,0.4,0.0,0.0,,0.0,0.0,-0.0
2137692000000,,0.4,0.0,0.0,,0.0,0.0,-0.0
2137734000000,,0.4,0.0,0.0,,0.0,0.0,-0.0
2137777000000,,0.4,0.0,0.0,,0.0,0.0,-0.0
2137819000000,,0.4,0.0,0.0,,0.0,0.0,-0.0
2137851000000,,0.4,0.0,0.0,,0.0,0.0,-0.0
2137866000000,,0.4,0.0,0.0,,0.0,0.0,-0.0
2137883000000,,0.4,0.0,0.0,,0.0,0.0,-0.0
2137902000000,,0.4,0.0,0.0,,0.0,0.0,0.0277820173651
2137918000000,,0.4,0.0,0.0,,0.0,0.0,0.0364628359675
2137960000000,,0.4,0.0,0.0,,0.0,0.0,0.0364628359675
2138003000000,,0.4,0.0,0.0,,0.0,0.0,0.0364628359675
2138019000000,,0.4,0.0,0.0,,0.0,0.0,0.0711861178279
2138035000000,,0.4,0.0,0.0,,0.0,0.0,0.123271040618
2138051000000,,0.4,0.0,0.0,,0.0,0.0,0.131951868534
2138094000000,,0.4,0.0,0.0,,0.0,0.0,0.131951868534
2138103000000,,0.4,0.0,0.0,,0.0,0.0,0.166675150394
2138120000000,,0.4,0.0,0.0,,0.0,0.0,0.184036791325
2138136000000,,0.4,0.0,0.0,,0.0,0.0,0.21007925272
2138152000000,,0.4,0.0,0.0,,0.0,0.0,0.22744089365
2138195000000,,0.4,0.0,0.0,,0.0,0.0,0.22744089365
2138237000000,,0.4,0.0,0.0,,0.0,0.0,0.22744089365
2138279000000,,0.4,0.0,0.0,,0.0,0.0,0.22744089365
2138321000000,,0.4,0.0,0.0,,0.0,0.0,0.22744089365
2138363000000,,0.4,0.0,0.0,,0.0,0.0,0.22744089365
2138403000000,,0.4,0.0,0.0,,0.0,0.0,0.22744089365
2138444000000,,0.4,0.0,0.0,,0.0,0.0,0.22744089365
2138483000000,,0.4,0.0,0.0,,0.0,0.0,0.22744089365
2138523000000,,0.4,0.0,0.0,,0.0,0.0,0.22744089365
2138557000000,,0.4,0.0,0.0,,0.0,0.0,0.218760073185
2138572000000,,0.4,0.0,0.0,,0.0,0.0,0.17535597086
2138612000000,,0.4,0.0,0.0,,0.0,0.0,0.17535597086
2138622000000,,0.4,0.0,0.0,,0.0,0.0,0.166675150394
2138662000000,,0.4,0.0,0.0,,0.0,0.0,0.166675150394
2138702000000,,0.4,0.0,0.0,,0.0,0.0,0.166675150394
2138742000000,,0.4,0.0,0.0,,0.0,0.0,0.166675150394
2138782000000,,0.4,0.0,0.0,,0.0,0.0,0.166675150394
2138822000000,,0.4,0.0,0.0,,0.0,0.0,0.166675150394
2138863000000,,0.4,0.0,0.0,,0.0,0.0,0.166675150394
2138903000000,,0.4,0.0,0.0,,0.0,0.0,0.166675150394
2138943000000,,0.4,0.0,0.0,,0.0,0.0,0.166675150394
2138983000000,,0.4,0.0,0.0,,0.0,0.0,0.166675150394
2139023000000,,0.4,0.0,0.0,,0.0,0.0,0.166675150394
2139063000000,,0.4,0.0,0.0,,0.0,0.0,0.166675150394
2139102000000,,0.4,0.0,0.0,,0.0,0.0,0.166675150394
2139142000000,,0.4,0.0,0.0,,0.0,0.0,0.166675150394
2139183000000,,0.4,0.0,0.0,,0.0,0.0,0.166675150394
2139223000000,,0.4,0.0,0.0,,0.0,0.0,0.166675150394
2139263000000,,0.4,0.0,0.0,,0.0,0.0,0.166675150394
2139303000000,,0.4,0.0,0.0,,0.0,0.0,0.166675150394
2139343000000,,0.4,0.0,0.0,,0.0,0.0,0.166675150394
2139383000000,,0.4,0.0,0.0,,0.0,0.0,0.166675150394
2139423000000,,0.4,0.0,0.0,,0.0,0.0,0.166675150394
2139463000000,,0.4,0.0,0.0,,0.0,0.0,0.166675150394
2139504000000,,0.4,0.0,0.0,,0.0,0.0,0.166675150394
2139546000000,,0.4,0.0,0.0,,0.0,0.0,0.166675150394
2139588000000,,0.4,0.0,0.0,,0.0,0.0,0.166675150394
2139630000000,,0.4,0.0,0.0,,0.0,0.0,0.166675150394
2139671000000,,0.4,0.0,0.0,,0.0,0.0,0.166675150394
2139713000000,,0.4,0.0,0.0,,0.0,0.0,0.166675150394
2139755000000,,0.4,0.0,0.0,,0.0,0.0,0.166675150394
2139797000000,,0.4,0.0,0.0,,0.0,0.0,0.166675150394
2139839000000,,0.4,0.0,0.0,,0.0,0.0,0.166675150394
2139881000000,,0.4,0.0,0.0,,0.0,0.0,0.166675150394
2139923000000,,0.4,0.0,0.0,,0.0,0.0,0.166675150394
2139963000000,,0.4,0.0,0.0,,0.0,0.0,0.166675150394
2140003000000,,0.4,0.0,0.0,,0.0,0.0,0.166675150394
2140045000000,,0.4,0.0,0.0,,0.0,0.0,0.166675150394
2140086000000,,0.4,0.0,0.0,,0.0,0.0,0.166675150394
2140128000000,,0.4,0.0,0.0,,0.0,0.0,0.166675150394
2140169000000,,0.4,0.0,0.0,,0.0,0.0,0.166675150394
2140210000000,,0.4,0.0,0.0,,0.0,0.0,0.166675150394
2140253000000,,0.4,0.0,0.0,,0.0,0.0,0.166675150394
2140296000000,,0.4,0.0,0.0,,0.0,0.0,0.166675150394
2140340000000,,0.4,0.0,0.0,,0.0,0.0,0.166675150394
2140381000000,,0.4,0.0,0.0,,0.0,0.0,0.166675150394
2140422000000,,0.4,0.0,0.0,,0.0,0.0,0.166675150394
2140463000000,,0.4,0.0,0.0,,0.0,0.0,0.166675150394
2140503000000,,0.4,0.0,0.0,,0.0,0.0,0.166675150394
2140543000000,,0.4,0.0,0.0,,0.0,0.0,0.166675150394
2140583000000,,0.4,0.0,0.0,,0.0,0.0,0.166675150394
2140623000000,,0.4,0.0,0.0,,0.0,0.0,0.166675150394
2140664000000,,0.4,0.0,0.0,,0.0,0.0,0.166675150394
2140704000000,,0.4,0.0,0.0,,0.0,0.0,0.166675150394
2140744000000,,0.4,0.0,0.0,,0.0,0.0,0.166675150394
2140783000000,,0.4,0.0,0.0,,0.0,0.0,0.166675150394
2140826000000,,0.4,0.0,0.0,,0.0,0.0,0.166675150394
2140868000000,,0.4,0.0,0.0,,0.0,0.0,0.166675150394
2140911000000,,0.4,0.0,0.0,,0.0,0.0,0.166675150394
2140954000000,,0.4,0.0,0.0,,0.0,0.0,0.166675150394
2140996000000,,0.4,0.0,0.0,,0.0,0.0,0.166675150394
2141037000000,,0.4,0.0,0.0,,0.0,0.0,0.166675150394
2141059000000,,0.4,0.0,0.0,,0.0,0.0,0.131951868534
2141074000000,,0.4,0.0,0.0,,0.0,0.0,-0.0
2141090000000,,0.4,0.0,0.0,,0.0,0.0,-0.0
2141133000000,,0.4,0.0,0.0,,0.0,0.0,-0.0
2141176000000,,0.4,0.0,0.0,,0.0,0.0,-0.0
2141219000000,,0.4,0.0,0.0,,0.0,0.0,-0.0
2141262000000,,0.4,0.0,0.0,,0.0,0.0,-0.0
2141303000000,,0.4,0.0,0.0,,0.0,0.0,-0.0
2141345000000,,0.4,0.0,0.0,,0.0,0.0,-0.0
2141388000000,,0.4,0.0,0.0,,0.0,0.0,-0.0
2141431000000,,0.4,0.0,0.0,,0.0,0.0,-0.0
2141474000000,,0.4,0.0,0.0,,0.0,0.0,-0.0
2141517000000,,0.4,0.0,0.0,,0.0,0.0,-0.0
2141560000000,,0.4,0.0,0.0,,0.0,0.0,-0.0
2141603000000,,0.4,0.0,0.0,,0.0,0.0,-0.0
2141643000000,,0.4,0.0,0.0,,0.0,0.0,-0.0
2141683000000,,0.4,0.0,0.0,,0.0,0.0,-0.0
2141726000000,,0.4,0.0,0.0,,0.0,0.0,-0.0
2141762000000,,0.4,0.0,0.0,,0.0,0.0,-0.0
2141798000000,,0.4,0.0,0.0,,0.0,0.0,-0.0
2141839000000,,0.4,0.0,0.0,,0.0,0.0,-0.0
2141880000000,,0.4,0.0,0.0,,0.0,0.0,-0.0
2141921000000,,0.4,0.0,0.0,,0.0,0.0,-0.0
2141962000000,,0.4,0.0,0.0,,0.0,0.0,-0.0
2142003000000,,0.4,0.0,0.0,,0.0,0.0,-0.0
2142043000000,,0.4,0.0,0.0,,0.0,0.0,-0.0
2142083000000,,0.4,0.0,0.0,,0.0,0.0,-0.0
2142125000000,,0.4,0.0,0.0,,0.0,0.0,-0.0
2142163000000,,0.4,0.0,0.0,,0.0,0.0,-0.0
2142203000000,,0.4,0.0,0.0,,0.0,0.0,-0.0
2142243000000,,0.4,0.0,0.0,,0.0,0.0,-0.0
2142283000000,,0.4,0.0,0.0,,0.0,0.0,-0.0
2142323000000,,0.4,0.0,0.0,,0.0,0.0,-0.0
2142365000000,,0.4,0.0,0.0,,0.0,0.0,-0.0
2142407000000,,0.4,0.0,0.0,,0.0,0.0,-0.0
2142449000000,,0.4,0.0,0.0,,0.0,0.0,-0.0
2142491000000,,0.4,0.0,0.0,,0.0,0.0,-0.0
2142533000000,,0.4,0.0,0.0,,0.0,0.0,-0.0
2142575000000,,0.4,0.0,0.0,,0.0,0.0,-0.0
2142616000000,,0.4,0.0,0.0,,0.0,0.0,-0.0
2142656000000,,0.4,0.0,0.0,,0.0,0.0,-0.0
2142669000000,,0.4,0.0,0.0,,0.0,0.0,-0.0
2142685000000,,0.4,0.0,0.0,,0.0,0.0,-0.0
2142720000000,,0.4,0.0,0.0,,0.0,0.0,-0.0
2142759000000,,0.4,0.0,0.0,,0.0,0.0,-0.0
2142800000000,,0.4,0.0,0.0,,0.0,0.0,-0.0
2142840000000,,0.4,0.0,0.0,,0.0,0.0,-0.0
2142881000000,,0.4,0.0,0.0,,0.0,0.0,-0.0
2142912000000,,0.4,0.0,0.0,,0.0,0.0,-0.0
2142927000000,,0.4,0.0,0.0,,0.0,0.0,-0.0
2142943000000,,0.4,0.0,0.0,,0.0,0.0,0.0538244768977
2142962000000,,0.4,0.0,0.0,,0.0,0.0,0.079866938293
2142978000000,,0.4,0.0,0.0,,0.0,0.0,0.105909399688
2142993000000,,0.4,0.0,0.0,,0.0,0.0,0.114590220153
2143034000000,,0.4,0.0,0.0,,0.0,0.0,0.114590220153
2143075000000,,0.4,0.0,0.0,,0.0,0.0,0.149313509464
2143091000000,,0.4,0.0,0.0,,0.0,0.0,0.184036791325
2143107000000,,0.4,0.0,0.0,,0.0,0.0,0.21007925272
2143123000000,,0.4,0.0,0.0,,0.0,0.0,0.22744089365
2143166000000,,0.4,0.0,0.0,,0.0,0.0,0.22744089365
2143209000000,,0.4,0.0,0.0,,0.0,0.0,0.22744089365
2143252000000,,0.4,0.0,0.0,,0.0,0.0,0.22744089365
2143294000000,,0.4,0.0,0.0,,0.0,0.0,0.22744089365
2143336000000,,0.4,0.0,0.0,,0.0,0.0,0.22744089365
2143380000000,,0.4,0.0,0.0,,0.0,0.0,0.22744089365
2143423000000,,0.4,0.0,0.0,,0.0,0.0,0.22744089365
2143449000000,,0.4,0.0,0.0,,0.0,0.0,0.236121714115
2143494000000,,0.4,0.0,0.0,,0.0,0.0,0.236121714115
2143538000000,,0.4,0.0,0.0,,0.0,0.0,0.236121714115
2143581000000,,0.4,0.0,0.0,,0.0,0.0,0.236121714115
2143623000000,,0.4,0.0,0.0,,0.0,0.0,0.236121714115
2143664000000,,0.4,0.0,0.0,,0.0,0.0,0.236121714115
2143707000000,,0.4,0.0,0.0,,0.0,0.0,0.236121714115
2143749000000,,0.4,0.0,0.0,,0.0,0.0,0.236121714115
2143790000000,,0.4,0.0,0.0,,0.0,0.0,0.236121714115
2143831000000,,0.4,0.0,0.0,,0.0,0.0,0.236121714115
2143872000000,,0.4,0.0,0.0,,0.0,0.0,0.236121714115
2143914000000,,0.4,0.0,0.0,,0.0,0.0,0.236121714115
2143939000000,,0.4,0.0,0.0,,0.0,0.0,0.131951868534
2143956000000,,0.4,0.0,0.0,,0.0,0.0,-0.0
2143972000000,,0.4,0.0,0.0,,0.0,0.0,-0.0
2144014000000,,0.4,0.0,0.0,,0.0,0.0,-0.0
2144055000000,,0.4,0.0,0.0,,0.0,0.0,-0.0
2144097000000,,0.4,0.0,0.0,,0.0,0.0,-0.0
2144130000000,,0.4,0.0,0.0,,0.0,0.0,-0.0
2144172000000,,0.4,0.0,0.0,,0.0,0.0,-0.0
2144217000000,,0.4,0.0,0.0,,0.0,0.0,-0.0
2144262000000,,0.4,0.0,0.0,,0.0,0.0,-0.0
2144303000000,,0.4,0.0,0.0,,0.0,0.0,-0.0
2144346000000,,0.4,0.0,0.0,,0.0,0.0,-0.0
2144389000000,,0.4,0.0,0.0,,0.0,0.0,-0.0
2144432000000,,0.4,0.0,0.0,,0.0,0.0,-0.0
2144475000000,,0.4,0.0,0.0,,0.0,0.0,-0.0
2144518000000,,0.4,0.0,0.0,,0.0,0.0,-0.0
2144561000000,,0.4,0.0,0.0,,0.0,0.0,-0.0
2144603000000,,0.4,0.0,0.0,,0.0,0.0,-0.0
2144645000000,,0.4,0.0,0.0,,0.0,0.0,-0.0
2144688000000,,0.4,0.0,0.0,,0.0,0.0,-0.0
2144729000000,,0.4,0.0,0.0,,0.0,0.0,-0.0
2144770000000,,0.4,0.0,0.0,,0.0,0.0,-0.0
2144811000000,,0.4,0.0,0.0,,0.0,0.0,-0.0
2144854000000,,0.4,0.0,0.0,,0.0,0.0,-0.0
2144889000000,,0.4,0.0,0.0,,0.0,0.0,-0.0
2144926000000,,0.4,0.0,0.0,,0.0,0.0,-0.0
2144967000000,,0.4,0.0,0.0,,0.0,0.0,-0.0
2145009000000,,0.4,0.0,0.0,,0.0,0.0,-0.0
2145051000000,,0.4,0.0,0.0,,0.0,0.0,-0.0
2145093000000,,0.4,0.0,0.0,,0.0,0.0,-0.0
2145135000000,,0.4,0.0,0.0,,0.0,0.0,-0.0
2145177000000,,0.4,0.0,0.0,,0.0,0.0,-0.0
2145221000000,,0.4,0.0,0.0,,0.0,0.0,-0.0
2145263000000,,0.4,0.0,0.0,,0.0,0.0,-0.0
2145304000000,,0.4,0.0,0.0,,0.0,0.0,-0.0
2145346000000,,0.4,0.0,0.0,,0.0,0.0,-0.0
2145389000000,,0.4,0.0,0.0,,0.0,0.0,-0.0
2145432000000,,0.4,0.0,0.0,,0.0,0.0,-0.0
2145473000000,,0.4,0.0,0.0,,0.0,0.0,-0.0
2145516000000,,0.4,0.0,0.0,,0.0,0.0,-0.0
2145559000000,,0.4,0.0,0.0,,0.0,0.0,-0.0
2145602000000,,0.4,0.0,0.0,,0.0,0.0,-0.0
2145623000000,,0.4,0.0,0.0,,0.0,0.0,-0.0
2145643000000,,0.4,0.0,0.0,,0.0,0.0,-0.0
2145683000000,,0.4,0.0,0.0,,0.0,0.0,-0.0
2145693000000,,0.4,0.0,0.0,,0.0,0.0,-0.0
2145726000000,,0.4,0.0,0.0,,0.0,0.0,-0.0
2145743000000,,0.4,0.0,0.0,,0.0,0.0,-0.0
2145763000000,,0.4,0.0,0.0,,0.0,0.0,-0.0
2145780000000,,0.4,0.0,0.0,,0.0,0.0,-0.00173955503851
2145823000000,,0.4,0.0,0.0,,0.0,0.0,-0.00173955503851
2145863000000,,0.4,0.0,0.0,,0.0,0.0,-0.00173955503851
2145905000000,,0.4,0.0,0.0,,0.0,0.0,-0.00173955503851
2145948000000,,0.4,0.0,0.0,,0.0,0.0,-0.00173955503851
2145992000000,,0.4,0.0,0.0,,0.0,0.0,-0.00173955503851
2146018000000,,0.4,0.0,0.0,,0.0,0.0,-0.0104203755036
2146061000000,,0.4,0.0,0.0,,0.0,0.0,-0.0104203755036
2146085000000,,0.4,0.0,0.0,,0.0,0.0,-0.0364628359675
2146103000000,,0.4,0.0,0.0,,0.0,0.0,-0.17535597086
2146120000000,,0.4,0.0,0.0,,0.0,0.0,-0.24480253458
2146136000000,,0.4,0.0,0.0,,0.0,0.0,-0.331610739231
2146152000000,,0.4,0.0,0.0,,0.0,0.0,-0.409738123417
2146168000000,,0.4,0.0,0.0,,0.0,0.0,-0.496546328068
2146185000000,,0.4,0.0,0.0,,0.0,0.0,-0.548631250858
2146203000000,,0.4,0.0,0.0,,0.0,0.0,-0.574673712254
2146246000000,,0.4,0.0,0.0,,0.0,0.0,-0.574673712254
2146273000000,,0.4,0.0,0.0,,0.0,0.0,-0.583354532719
2146290000000,,0.4,0.0,0.0,,0.0,0.0,-0.609396994114
2146335000000,,0.4,0.0,0.0,,0.0,0.0,-0.609396994114
2146378000000,,0.4,0.0,0.0,,0.0,0.0,-0.609396994114
2146395000000,,0.4,0.0,0.0,,0.0,0.0,-0.618077814579
2146412000000,,0.4,0.0,0.0,,0.0,0.0,-0.678843557835
2146428000000,,0.4,0.0,0.0,,0.0,0.0,-0.70488601923
2146472000000,,0.4,0.0,0.0,,0.0,0.0,-0.70488601923
2146514000000,,0.4,0.0,0.0,,0.0,0.0,-0.70488601923
2146558000000,,0.4,0.0,0.0,,0.0,0.0,-0.70488601923
2146601000000,,0.4,0.0,0.0,,0.0,0.0,-0.70488601923
2146643000000,,0.4,0.0,0.0,,0.0,0.0,-0.70488601923
2146685000000,,0.4,0.0,0.0,,0.0,0.0,-0.70488601923
2146728000000,,0.4,0.0,0.0,,0.0,0.0,-0.70488601923
2146754000000,,0.4,0.0,0.0,,0.0,0.0,-0.713566839695
2146771000000,,0.4,0.0,0.0,,0.0,0.0,-0.748290121555
2146787000000,,0.4,0.0,0.0,,0.0,0.0,-0.774332582951
2146823000000,,0.4,0.0,0.0,,0.0,0.0,-0.783013403416
2146842000000,,0.4,0.0,0.0,,0.0,0.0,-0.809055864811
2146860000000,,0.4,0.0,0.0,,0.0,0.0,-0.817736685276
2146895000000,,0.4,0.0,0.0,,0.0,0.0,-0.826417505741
2146938000000,,0.4,0.0,0.0,,0.0,0.0,-0.826417505741
2146982000000,,0.4,0.0,0.0,,0.0,0.0,-0.826417505741
2147015000000,,0.4,0.0,0.0,,0.0,0.0,-0.583354532719
2147029000000,,0.4,0.0,0.0,,0.0,0.0,-0.114590220153
2147046000000,,0.4,0.0,0.0,,0.0,0.0,-0.0
2147090000000,,0.4,0.0,0.0,,0.0,0.0,-0.0
2147130000000,,0.4,0.0,0.0,,0.0,0.0,-0.0
2147170000000,,0.4,0.0,0.0,,0.0,0.0,-0.0
2147210000000,,0.4,0.0,0.0,,0.0,0.0,-0.0
2147250000000,,0.4,0.0,0.0,,0.0,0.0,-0.0
2147290000000,,0.4,0.0,0.0,,0.0,0.0,-0.0
2147332000000,,0.4,0.0,0.0,,0.0,0.0,-0.0
2147375000000,,0.4,0.0,0.0,,0.0,0.0,-0.0
2147418000000,,0.4,0.0,0.0,,0.0,0.0,-0.0
2147461000000,,0.4,0.0,0.0,,0.0,0.0,-0.0
2147503000000,,0.4,0.0,0.0,,0.0,0.0,-0.0
2147543000000,,0.4,0.0,0.0,,0.0,0.0,-0.0
2147584000000,,0.4,0.0,0.0,,0.0,0.0,-0.0
2147626000000,,0.4,0.0,0.0,,0.0,0.0,-0.0
2147668000000,,0.4,0.0,0.0,,0.0,0.0,-0.0
2147710000000,,0.4,0.0,0.0,,0.0,0.0,-0.0
2147752000000,,0.4,0.0,0.0,,0.0,0.0,-0.0
2147794000000,,0.4,0.0,0.0,,0.0,0.0,-0.0
2147837000000,,0.4,0.0,0.0,,0.0,0.0,-0.0
2147879000000,,0.4,0.0,0.0,,0.0,0.0,-0.0
2147921000000,,0.4,0.0,0.0,,0.0,0.0,-0.0
2147963000000,,0.4,0.0,0.0,,0.0,0.0,-0.0
2148003000000,,0.4,0.0,0.0,,0.0,0.0,-0.0
2148027000000,,0.4,0.0,0.0,,0.0,0.0,-0.0
2148043000000,,0.4,0.0,0.0,,0.0,0.0,-0.0451436564326
2148063000000,,0.4,0.0,0.0,,0.0,0.0,-0.0885477587581
2148103000000,,0.4,0.0,0.0,,0.0,0.0,-0.0885477587581
2148144000000,,0.4,0.0,0.0,,0.0,0.0,-0.0972285792232
2148163000000,,0.4,0.0,0.0,,0.0,0.0,-0.157994329929
2148180000000,,0.4,0.0,0.0,,0.0,0.0,-0.19271761179
2148196000000,,0.4,0.0,0.0,,0.0,0.0,-0.218760073185
2148228000000,,0.4,0.0,0.0,,0.0,0.0,-0.22744089365
2148271000000,,0.4,0.0,0.0,,0.0,0.0,-0.22744089365
2148280000000,,0.4,0.0,0.0,,0.0,0.0,-0.253483355045
2148297000000,,0.4,0.0,0.0,,0.0,0.0,-0.305568277836
2148313000000,,0.4,0.0,0.0,,0.0,0.0,-0.366334021091
2148329000000,,0.4,0.0,0.0,,0.0,0.0,-0.409738123417
2148345000000,,0.4,0.0,0.0,,0.0,0.0,-0.479184687138
2148381000000,,0.4,0.0,0.0,,0.0,0.0,-0.487865507603
2148423000000,,0.4,0.0,0.0,,0.0,0.0,-0.487865507603
2148463000000,,0.4,0.0,0.0,,0.0,0.0,-0.487865507603
2148503000000,,0.4,0.0,0.0,,0.0,0.0,-0.487865507603
2148545000000,,0.4,0.0,0.0,,0.0,0.0,-0.609396994114
2148563000000,,0.4,0.0,0.0,,0.0,0.0,-0.70488601923
2148581000000,,0.4,0.0,0.0,,0.0,0.0,-0.73960930109
2148597000000,,0.4,0.0,0.0,,0.0,0.0,-0.800375044346
2148613000000,,0.4,0.0,0.0,,0.0,0.0,-0.852459967136
2148629000000,,0.4,0.0,0.0,,0.0,0.0,-0.878502428532
2148671000000,,0.4,0.0,0.0,,0.0,0.0,-0.878502428532
2148713000000,,0.4,0.0,0.0,,0.0,0.0,-0.878502428532
2148755000000,,0.4,0.0,0.0,,0.0,0.0,-0.878502428532
2148796000000,,0.4,0.0,0.0,,0.0,0.0,-0.878502428532
2148827000000,,0.4,0.0,0.0,,0.0,0.0,-0.869821608067
2148843000000,,0.4,0.0,0.0,,0.0,0.0,-0.635439455509
2148862000000,,0.4,0.0,0.0,,0.0,0.0,-0.366334021091
2148879000000,,0.4,0.0,0.0,,0.0,0.0,-0.105909399688
2148895000000,,0.4,0.0,0.0,,0.0,0.0,-0.0
2148912000000,,0.4,0.0,0.0,,0.0,0.0,-0.0
2148955000000,,0.4,0.0,0.0,,0.0,0.0,-0.0
2148998000000,,0.4,0.0,0.0,,0.0,0.0,-0.0
2149041000000,,0.4,0.0,0.0,,0.0,0.0,-0.0
2149083000000,,0.4,0.0,0.0,,0.0,0.0,-0.0
2149115000000,,0.4,0.0,0.0,,0.0,0.0,-0.0
2149149000000,,0.4,0.0,0.0,,0.0,0.0,-0.0
2149189000000,,0.4,0.0,0.0,,0.0,0.0,-0.0
2149230000000,,0.4,0.0,0.0,,0.0,0.0,-0.0
2149271000000,,0.4,0.0,0.0,,0.0,0.0,-0.0
2149311000000,,0.4,0.0,0.0,,0.0,0.0,-0.0
2149352000000,,0.4,0.0,0.0,,0.0,0.0,-0.0
2149394000000,,0.4,0.0,0.0,,0.0,0.0,-0.0
2149438000000,,0.4,0.0,0.0,,0.0,0.0,-0.0
2149482000000,,0.4,0.0,0.0,,0.0,0.0,-0.0
2149523000000,,0.4,0.0,0.0,,0.0,0.0,-0.0
2149567000000,,0.4,0.0,0.0,,0.0,0.0,-0.0
2149612000000,,0.4,0.0,0.0,,0.0,0.0,-0.0
2149656000000,,0.4,0.0,0.0,,0.0,0.0,-0.0
2149699000000,,0.4,0.0,0.0,,0.0,0.0,-0.0
2149742000000,,0.4,0.0,0.0,,0.0,0.0,-0.0
2149783000000,,0.4,0.0,0.0,,0.0,0.0,-0.0
2149789000000,,0.4,0.0,0.0,,0.0,0.0,-0.0
2149832000000,,0.4,0.0,0.0,,0.0,0.0,-0.0
2149864000000,,0.4,0.0,0.0,,0.0,0.0,-0.0
2149901000000,,0.4,0.0,0.0,,0.0,0.0,-0.0
2149916000000,,0.4,0.0,0.0,,0.0,0.0,-0.0
2149933000000,,0.4,0.0,0.0,,0.0,0.0,-0.0
2149949000000,,0.4,0.0,0.0,,0.0,0.0,-0.0
2149965000000,,0.4,0.0,0.0,,0.0,0.0,-0.0
2150003000000,,0.4,0.0,0.0,,0.0,0.0,-0.0
2150042000000,,0.4,0.0,0.0,,0.0,0.0,-0.0
2150083000000,,0.4,0.0,0.0,,0.0,0.0,-0.0
2150123000000,,0.4,0.0,0.0,,0.0,0.0,-0.0
2150163000000,,0.4,0.0,0.0,,0.0,0.0,-0.0
2150205000000,,0.4,0.0,0.0,,0.0,0.0,-0.0
2150247000000,,0.4,0.0,0.0,,0.0,0.0,-0.0
2150290000000,,0.4,0.0,0.0,,0.0,0.0,-0.0
2150332000000,,0.4,0.0,0.0,,0.0,0.0,-0.0
2150374000000,,0.4,0.0,0.0,,0.0,0.0,-0.0
2150417000000,,0.4,0.0,0.0,,0.0,0.0,-0.0
2150459000000,,0.4,0.0,0.0,,0.0,0.0,-0.0
2150501000000,,0.4,0.0,0.0,,0.0,0.0,-0.0
2150543000000,,0.4,0.0,0.0,,0.0,0.0,-0.0
2150583000000,,0.4,0.0,0.0,,0.0,0.0,-0.0
2150625000000,,0.4,0.0,0.0,,0.0,0.0,-0.0
2150668000000,,0.4,0.0,0.0,,0.0,0.0,-0.0
2150710000000,,0.4,0.0,0.0,,0.0,0.0,-0.0
2150753000000,,0.4,0.0,0.0,,0.0,0.0,-0.0
2150796000000,,0.4,0.0,0.0,,0.0,0.0,-0.0
2150839000000,,0.4,0.0,0.0,,0.0,0.0,-0.0
2150881000000,,0.4,0.0,0.0,,0.0,0.0,-0.0
2150923000000,,0.4,0.0,0.0,,0.0,0.0,-0.0
2150963000000,,0.4,0.0,0.0,,0.0,0.0,-0.0
2151006000000,,0.4,0.0,0.0,,0.0,0.0,-0.0
2151048000000,,0.4,0.0,0.0,,0.0,0.0,-0.0
2151090000000,,0.4,0.0,0.0,,0.0,0.0,-0.0
2151130000000,,0.4,0.0,0.0,,0.0,0.0,-0.0
2151170000000,,0.4,0.0,0.0,,0.0,0.0,-0.0
2151210000000,,0.4,0.0,0.0,,0.0,0.0,-0.0
2151243000000,,0.4,0.0,0.0,,0.0,0.0,-0.0
2151258000000,,0.4,0.0,0.0,,0.0,0.0,-0.0
2151274000000,,0.4,0.0,0.0,,0.0,0.0,-0.0
2151314000000,,0.4,0.0,0.0,,0.0,0.0,-0.0
2151354000000,,0.4,0.0,0.0,,0.0,0.0,-0.0
2151396000000,,0.4,0.0,0.0,,0.0,0.0,-0.0
2151438000000,,0.4,0.0,0.0,,0.0,0.0,-0.0
2151474000000,,0.4,0.0,0.0,,0.0,0.0,-0.0
2151512000000,,0.4,0.0,0.0,,0.0,0.0,-0.0
2151553000000,,0.4,0.0,0.0,,0.0,0.0,-0.0
2151596000000,,0.4,0.0,0.0,,0.0,0.0,-0.0
2151641000000,,0.4,0.0,0.0,,0.0,0.0,-0.0
2151685000000,,0.4,0.0,0.0,,0.0,0.0,-0.0
2151729000000,,0.4,0.0,0.0,,0.0,0.0,-0.0
2151773000000,,0.4,0.0,0.0,,0.0,0.0,-0.0
2151816000000,,0.4,0.0,0.0,,0.0,0.0,-0.0
2151859000000,,0.4,0.0,0.0,,0.0,0.0,-0.0
2151903000000,,0.4,0.0,0.0,,0.0,0.0,-0.0
2151941000000,,0.4,0.0,0.0,,0.0,0.0,-0.0
2151954000000,,0.4,0.0,0.0,,0.0,0.0,-0.0
2151967000000,,0.4,0.0,0.0,,0.0,0.0,-0.0451436564326
2151983000000,,0.4,0.0,0.0,,0.0,0.0,-0.123271040618
2152002000000,,0.4,0.0,0.0,,0.0,0.0,-0.236121714115
2152018000000,,0.4,0.0,0.0,,0.0,0.0,-0.305568277836
2152034000000,,0.4,0.0,0.0,,0.0,0.0,-0.348972380161
2152050000000,,0.4,0.0,0.0,,0.0,0.0,-0.401057302952
2152067000000,,0.4,0.0,0.0,,0.0,0.0,-0.409738123417
2152102000000,,0.4,0.0,0.0,,0.0,0.0,-0.418418943882
2152143000000,,0.4,0.0,0.0,,0.0,0.0,-0.418418943882
2152183000000,,0.4,0.0,0.0,,0.0,0.0,-0.418418943882
2152225000000,,0.4,0.0,0.0,,0.0,0.0,-0.418418943882
2152267000000,,0.4,0.0,0.0,,0.0,0.0,-0.418418943882
2152283000000,,0.4,0.0,0.0,,0.0,0.0,-0.487865507603
2152294000000,,0.4,0.0,0.0,,0.0,0.0,-0.644120275974
2152310000000,,0.4,0.0,0.0,,0.0,0.0,-0.730928480625
2152344000000,,0.4,0.0,0.0,,0.0,0.0,-0.73960930109
2152388000000,,0.4,0.0,0.0,,0.0,0.0,-0.73960930109
2152432000000,,0.4,0.0,0.0,,0.0,0.0,-0.73960930109
2152475000000,,0.4,0.0,0.0,,0.0,0.0,-0.73960930109
2152519000000,,0.4,0.0,0.0,,0.0,0.0,-0.713566839695
2152535000000,,0.4,0.0,0.0,,0.0,0.0,-0.678843557835
2152551000000,,0.4,0.0,0.0,,0.0,0.0,-0.661481916904
2152595000000,,0.4,0.0,0.0,,0.0,0.0,-0.661481916904
2152603000000,,0.4,0.0,0.0,,0.0,0.0,-0.652801096439
2152621000000,,0.4,0.0,0.0,,0.0,0.0,-0.644120275974
2152663000000,,0.4,0.0,0.0,,0.0,0.0,-0.644120275974
2152703000000,,0.4,0.0,0.0,,0.0,0.0,-0.618077814579
2152721000000,,0.4,0.0,0.0,,0.0,0.0,-0.513907968998
2152737000000,,0.4,0.0,0.0,,0.0,0.0,-0.26216417551
2152753000000,,0.4,0.0,0.0,,0.0,0.0,-0.0
2152795000000,,0.4,0.0,0.0,,0.0,0.0,-0.0
2152837000000,,0.4,0.0,0.0,,0.0,0.0,-0.0
2152878000000,,0.4,0.0,0.0,,0.0,0.0,-0.0
2152920000000,,0.4,0.0,0.0,,0.0,0.0,-0.0
2152962000000,,0.4,0.0,0.0,,0.0,0.0,-0.0
2153003000000,,0.4,0.0,0.0,,0.0,0.0,-0.0
2153043000000,,0.4,0.0,0.0,,0.0,0.0,-0.0
2153083000000,,0.4,0.0,0.0,,0.0,0.0,-0.0
2153122000000,,0.4,0.0,0.0,,0.0,0.0,-0.0
2153162000000,,0.4,0.0,0.0,,0.0,0.0,-0.0
2153201000000,,0.4,0.0,0.0,,0.0,0.0,-0.0
2153240000000,,0.4,0.0,0.0,,0.0,0.0,-0.0
2153279000000,,0.4,0.0,0.0,,0.0,0.0,-0.0
2153319000000,,0.4,0.0,0.0,,0.0,0.0,-0.0
2153358000000,,0.4,0.0,0.0,,0.0,0.0,-0.0
2153397000000,,0.4,0.0,0.0,,0.0,0.0,-0.0
2153437000000,,0.4,0.0,0.0,,0.0,0.0,-0.0
2153476000000,,0.4,0.0,0.0,,0.0,0.0,-0.0
2153514000000,,0.4,0.0,0.0,,0.0,0.0,-0.0
2153558000000,,0.4,0.0,0.0,,0.0,0.0,-0.0
2153602000000,,0.4,0.0,0.0,,0.0,0.0,-0.0
2153644000000,,0.4,0.0,0.0,,0.0,0.0,-0.0
2153662000000,,0.4,0.0,0.0,,0.0,0.0,-0.0
2153679000000,,0.4,0.0,0.0,,0.0,0.0,0.0277820173651
2153696000000,,0.4,0.0,0.0,,0.0,0.0,0.0885477587581
2153713000000,,0.4,0.0,0.0,,0.0,0.0,0.123271040618
2153730000000,,0.4,0.0,0.0,,0.0,0.0,0.149313509464
2153764000000,,0.4,0.0,0.0,,0.0,0.0,0.157994329929
2153808000000,,0.4,0.0,0.0,,0.0,0.0,0.157994329929
2153851000000,,0.4,0.0,0.0,,0.0,0.0,0.157994329929
2153893000000,,0.4,0.0,0.0,,0.0,0.0,0.157994329929
2153933000000,,0.4,0.0,0.0,,0.0,0.0,0.157994329929
2153974000000,,0.4,0.0,0.0,,0.0,0.0,0.157994329929
2154014000000,,0.4,0.0,0.0,,0.0,0.0,0.157994329929
2154054000000,,0.4,0.0,0.0,,0.0,0.0,0.157994329929
2154096000000,,0.4,0.0,0.0,,0.0,0.0,0.157994329929
2154127000000,,0.4,0.0,0.0,,0.0,0.0,-0.0
2154144000000,,0.4,0.0,0.0,,0.0,0.0,-0.0
2154186000000,,0.4,0.0,0.0,,0.0,0.0,-0.0
2154228000000,,0.4,0.0,0.0,,0.0,0.0,-0.0
2154270000000,,0.4,0.0,0.0,,0.0,0.0,-0.0
2154313000000,,0.4,0.0,0.0,,0.0,0.0,-0.0
2154356000000,,0.4,0.0,0.0,,0.0,0.0,-0.0
2154398000000,,0.4,0.0,0.0,,0.0,0.0,-0.0
2154441000000,,0.4,0.0,0.0,,0.0,0.0,-0.0
2154483000000,,0.4,0.0,0.0,,0.0,0.0,-0.0
2154523000000,,0.4,0.0,0.0,,0.0,0.0,-0.0
2154563000000,,0.4,0.0,0.0,,0.0,0.0,-0.0
2154605000000,,0.4,0.0,0.0,,0.0,0.0,-0.0
2154647000000,,0.4,0.0,0.0,,0.0,0.0,-0.0
2154689000000,,0.4,0.0,0.0,,0.0,0.0,-0.0
2154698000000,,0.4,0.0,0.0,,0.0,0.0,-0.0
2154715000000,,0.4,0.0,0.0,,0.0,0.0,-0.0
2154731000000,,0.4,0.0,0.0,,0.0,0.0,-0.00173955503851
2154747000000,,0.4,0.0,0.0,,0.0,0.0,-0.0104203755036
2154763000000,,0.4,0.0,0.0,,0.0,0.0,-0.0191011969
2154806000000,,0.4,0.0,0.0,,0.0,0.0,-0.0191011969
2154849000000,,0.4,0.0,0.0,,0.0,0.0,-0.0191011969
2154891000000,,0.4,0.0,0.0,,0.0,0.0,-0.0191011969
2154934000000,,0.4,0.0,0.0,,0.0,0.0,-0.0191011969
2154976000000,,0.4,0.0,0.0,,0.0,0.0,-0.0191011969
2155002000000,,0.4,0.0,0.0,,0.0,0.0,-0.17535597086
2155018000000,,0.4,0.0,0.0,,0.0,0.0,-0.322929918766
2155034000000,,0.4,0.0,0.0,,0.0,0.0,-0.409738123417
2155050000000,,0.4,0.0,0.0,,0.0,0.0,-0.444461405277
2155067000000,,0.4,0.0,0.0,,0.0,0.0,-0.487865507603
2155083000000,,0.4,0.0,0.0,,0.0,0.0,-0.513907968998
2155103000000,,0.4,0.0,0.0,,0.0,0.0,-0.539950430393
2155120000000,,0.4,0.0,0.0,,0.0,0.0,-0.583354532719
2155136000000,,0.4,0.0,0.0,,0.0,0.0,-0.592035353184
2155152000000,,0.4,0.0,0.0,,0.0,0.0,-0.618077814579
2155168000000,,0.4,0.0,0.0,,0.0,0.0,-0.67016273737
2155184000000,,0.4,0.0,0.0,,0.0,0.0,-0.72224766016
2155203000000,,0.4,0.0,0.0,,0.0,0.0,-0.774332582951
2155243000000,,0.4,0.0,0.0,,0.0,0.0,-0.774332582951
2155284000000,,0.4,0.0,0.0,,0.0,0.0,-0.774332582951
2155326000000,,0.4,0.0,0.0,,0.0,0.0,-0.774332582951
2155367000000,,0.4,0.0,0.0,,0.0,0.0,-0.774332582951
2155409000000,,0.4,0.0,0.0,,0.0,0.0,-0.774332582951
2155450000000,,0.4,0.0,0.0,,0.0,0.0,-0.774332582951
2155491000000,,0.4,0.0,0.0,,0.0,0.0,-0.774332582951
2155532000000,,0.4,0.0,0.0,,0.0,0.0,-0.774332582951
2155547000000,,0.4,0.0,0.0,,0.0,0.0,-0.73960930109
2155563000000,,0.4,0.0,0.0,,0.0,0.0,-0.444461405277
2155583000000,,0.4,0.0,0.0,,0.0,0.0,-0.0625052973628
2155598000000,,0.4,0.0,0.0,,0.0,0.0,-0.0
2155639000000,,0.4,0.0,0.0,,0.0,0.0,-0.0
2155680000000,,0.4,0.0,0.0,,0.0,0.0,-0.0
2155723000000,,0.4,0.0,0.0,,0.0,0.0,-0.0
2155763000000,,0.4,0.0,0.0,,0.0,0.0,-0.0
2155803000000,,0.4,0.0,0.0,,0.0,0.0,-0.0
2155844000000,,0.4,0.0,0.0,,0.0,0.0,-0.0
2155886000000,,0.4,0.0,0.0,,0.0,0.0,-0.0
2155927000000,,0.4,0.0,0.0,,0.0,0.0,-0.0
2155967000000,,0.4,0.0,0.0,,0.0,0.0,-0.0
2156008000000,,0.4,0.0,0.0,,0.0,0.0,-0.0
2156048000000,,0.4,0.0,0.0,,0.0,0.0,-0.0
2156089000000,,0.4,0.0,0.0,,0.0,0.0,-0.0
2156129000000,,0.4,0.0,0.0,,0.0,0.0,-0.0
2156169000000,,0.4,0.0,0.0,,0.0,0.0,-0.0
2156210000000,,0.4,0.0,0.0,,0.0,0.0,-0.0
2156250000000,,0.4,0.0,0.0,,0.0,0.0,-0.0
2156290000000,,0.4,0.0,0.0,,0.0,0.0,-0.0
2156331000000,,0.4,0.0,0.0,,0.0,0.0,-0.0
2156373000000,,0.4,0.0,0.0,,0.0,0.0,-0.0
2156415000000,,0.4,0.0,0.0,,0.0,0.0,-0.0
2156451000000,,0.4,0.0,0.0,,0.0,0.0,-0.0
2156489000000,,0.4,0.0,0.0,,0.0,0.0,-0.0
2156532000000,,0.4,0.0,0.0,,0.0,0.0,-0.0
2156576000000,,0.4,0.0,0.0,,0.0,0.0,-0.0
2156615000000,,0.4,0.0,0.0,,0.0,0.0,-0.0
2156659000000,,0.4,0.0,0.0,,0.0,0.0,-0.0
2156703000000,,0.4,0.0,0.0,,0.0,0.0,-0.0
2156744000000,,0.4,0.0,0.0,,0.0,0.0,-0.0
2156788000000,,0.4,0.0,0.0,,0.0,0.0,-0.0
2156830000000,,0.4,0.0,0.0,,0.0,0.0,-0.0
2156870000000,,0.4,0.0,0.0,,0.0,0.0,-0.0
2156911000000,,0.4,0.0,0.0,,0.0,0.0,-0.0
2156952000000,,0.4,0.0,0.0,,0.0,0.0,-0.0
2156996000000,,0.4,0.0,0.0,,0.0,0.0,-0.0
2157040000000,,0.4,0.0,0.0,,0.0,0.0,-0.0
2157083000000,,0.4,0.0,0.0,,0.0,0.0,-0.0
2157127000000,,0.4,0.0,0.0,,0.0,0.0,-0.0
2157171000000,,0.4,0.0,0.0,,0.0,0.0,-0.0
2157214000000,,0.4,0.0,0.0,,0.0,0.0,-0.0
2157243000000,,0.4,0.0,0.0,,0.0,0.0,-0.0
2157281000000,,0.4,0.0,0.0,,0.0,0.0,-0.0
2157320000000,,0.4,0.0,0.0,,0.0,0.0,-0.0
2157363000000,,0.4,0.0,0.0,,0.0,0.0,-0.0
2157402000000,,0.4,0.0,0.0,,0.0,0.0,-0.0191011969
2157418000000,,0.4,0.0,0.0,,0.0,0.0,-0.105909399688
2157435000000,,0.4,0.0,0.0,,0.0,0.0,-0.166675150394
2157451000000,,0.4,0.0,0.0,,0.0,0.0,-0.21007925272
2157467000000,,0.4,0.0,0.0,,0.0,0.0,-0.253483355045
2157483000000,,0.4,0.0,0.0,,0.0,0.0,-0.26216417551
2157519000000,,0.4,0.0,0.0,,0.0,0.0,-0.270844995975
2157562000000,,0.4,0.0,0.0,,0.0,0.0,-0.270844995975
2157584000000,,0.4,0.0,0.0,,0.0,0.0,-0.314249098301
2157603000000,,0.4,0.0,0.0,,0.0,0.0,-0.392376482487
2157620000000,,0.4,0.0,0.0,,0.0,0.0,-0.522588789463
2157637000000,,0.4,0.0,0.0,,0.0,0.0,-0.592035353184
2157653000000,,0.4,0.0,0.0,,0.0,0.0,-0.678843557835
2157669000000,,0.4,0.0,0.0,,0.0,0.0,-0.73960930109
2157684000000,,0.4,0.0,0.0,,0.0,0.0,-0.800375044346
2157726000000,,0.4,0.0,0.0,,0.0,0.0,-0.800375044346
2157764000000,,0.4,0.0,0.0,,0.0,0.0,-0.809055864811
2157805000000,,0.4,0.0,0.0,,0.0,0.0,-0.809055864811
2157846000000,,0.4,0.0,0.0,,0.0,0.0,-0.809055864811
2157888000000,,0.4,0.0,0.0,,0.0,0.0,-0.809055864811
2157928000000,,0.4,0.0,0.0,,0.0,0.0,-0.809055864811
2157969000000,,0.4,0.0,0.0,,0.0,0.0,-0.809055864811
2158009000000,,0.4,0.0,0.0,,0.0,0.0,-0.809055864811
2158050000000,,0.4,0.0,0.0,,0.0,0.0,-0.809055864811
2158075000000,,0.4,0.0,0.0,,0.0,0.0,-0.357653200626
2158090000000,,0.4,0.0,0.0,,0.0,0.0,-0.0
2158130000000,,0.4,0.0,0.0,,0.0,0.0,-0.0
2158172000000,,0.4,0.0,0.0,,0.0,0.0,-0.0
2158214000000,,0.4,0.0,0.0,,0.0,0.0,-0.0
2158256000000,,0.4,0.0,0.0,,0.0,0.0,-0.0
2158298000000,,0.4,0.0,0.0,,0.0,0.0,-0.0
2158340000000,,0.4,0.0,0.0,,0.0,0.0,-0.0
2158381000000,,0.4,0.0,0.0,,0.0,0.0,-0.0
2158403000000,,0.4,0.0,0.0,,0.0,0.0,-0.0
2158423000000,,0.4,0.0,0.0,,0.0,0.0,-0.0
2158439000000,,0.4,0.0,0.0,,0.0,0.0,-0.0
2158455000000,,0.4,0.0,0.0,,0.0,0.0,-0.0
2158471000000,,0.4,0.0,0.0,,0.0,0.0,0.00173955503851
2158487000000,,0.4,0.0,0.0,,0.0,0.0,-0.0
2158529000000,,0.4,0.0,0.0,,0.0,0.0,-0.0
2158539000000,,0.4,0.0,0.0,,0.0,0.0,0.00173955503851
2158570000000,,0.4,0.0,0.0,,0.0,0.0,0.0104203755036
2158586000000,,0.4,0.0,0.0,,0.0,0.0,0.0538244768977
2158628000000,,0.4,0.0,0.0,,0.0,0.0,0.0538244768977
2158638000000,,0.4,0.0,0.0,,0.0,0.0,0.0625052973628
2158655000000,,0.4,0.0,0.0,,0.0,0.0,0.131951868534
2158671000000,,0.4,0.0,0.0,,0.0,0.0,0.157994329929
2158687000000,,0.4,0.0,0.0,,0.0,0.0,0.253483355045
2158703000000,,0.4,0.0,0.0,,0.0,0.0,0.340291559696
2158723000000,,0.4,0.0,0.0,,0.0,0.0,0.383695662022
2158739000000,,0.4,0.0,0.0,,0.0,0.0,0.479184687138
2158756000000,,0.4,0.0,0.0,,0.0,0.0,0.548631250858
2158772000000,,0.4,0.0,0.0,,0.0,0.0,0.592035353184
2158788000000,,0.4,0.0,0.0,,0.0,0.0,0.626758635044
2158804000000,,0.4,0.0,0.0,,0.0,0.0,0.661481916904
2158823000000,,0.4,0.0,0.0,,0.0,0.0,0.70488601923
2158840000000,,0.4,0.0,0.0,,0.0,0.0,0.748290121555
2158856000000,,0.4,0.0,0.0,,0.0,0.0,0.800375044346
2158872000000,,0.4,0.0,0.0,,0.0,0.0,0.835098326206
2158889000000,,0.4,0.0,0.0,,0.0,0.0,0.843779146671
2158923000000,,0.4,0.0,0.0,,0.0,0.0,0.895864069462
2158941000000,,0.4,0.0,0.0,,0.0,0.0,0.930587351322
2158957000000,,0.4,0.0,0.0,,0.0,0.0,0.947948992252
2158973000000,,0.4,0.0,0.0,,0.0,0.0,0.956629812717
2159016000000,,0.4,0.0,0.0,,0.0,0.0,0.956629812717
2159059000000,,0.4,0.0,0.0,,0.0,0.0,0.956629812717
2159102000000,,0.4,0.0,0.0,,0.0,0.0,0.956629812717
2159109000000,,0.4,0.0,0.0,,0.0,0.0,0.973991453648
2159143000000,,0.4,0.0,0.0,,0.0,0.0,0.982672274113
2159184000000,,0.4,0.0,0.0,,0.0,0.0,0.982672274113
2159194000000,,0.4,0.0,0.0,,0.0,0.0,0.930587351322
2159210000000,,0.4,0.0,0.0,,0.0,0.0,0.548631250858
2159226000000,,0.4,0.0,0.0,,0.0,0.0,0.114590220153
2159243000000,,0.4,0.0,0.0,,0.0,0.0,-0.0
2159284000000,,0.4,0.0,0.0,,0.0,0.0,-0.0
2159326000000,,0.4,0.0,0.0,,0.0,0.0,-0.0
2159368000000,,0.4,0.0,0.0,,0.0,0.0,-0.0
2159406000000,,0.4,0.0,0.0,,0.0,0.0,-0.0
2159450000000,,0.4,0.0,0.0,,0.0,0.0,-0.0
2159493000000,,0.4,0.0,0.0,,0.0,0.0,-0.0
2159537000000,,0.4,0.0,0.0,,0.0,0.0,-0.0
2159580000000,,0.4,0.0,0.0,,0.0,0.0,-0.0
2159623000000,,0.4,0.0,0.0,,0.0,0.0,-0.0
2159663000000,,0.4,0.0,0.0,,0.0,0.0,-0.0
2159707000000,,0.4,0.0,0.0,,0.0,0.0,-0.0
2159749000000,,0.4,0.0,0.0,,0.0,0.0,-0.0
2159793000000,,0.4,0.0,0.0,,0.0,0.0,-0.0
2159837000000,,0.4,0.0,0.0,,0.0,0.0,-0.0
2159882000000,,0.4,0.0,0.0,,0.0,0.0,-0.0
2159923000000,,0.4,0.0,0.0,,0.0,0.0,-0.0
2159966000000,,0.4,0.0,0.0,,0.0,0.0,-0.0
2160010000000,,0.4,0.0,0.0,,0.0,0.0,-0.0
2160050000000,,0.4,0.0,0.0,,0.0,0.0,-0.0
2160090000000,,0.4,0.0,0.0,,0.0,0.0,-0.0
2160134000000,,0.4,0.0,0.0,,0.0,0.0,-0.0
2160177000000,,0.4,0.0,0.0,,0.0,0.0,-0.0
2160220000000,,0.4,0.0,0.0,,0.0,0.0,-0.0
2160262000000,,0.4,0.0,0.0,,0.0,0.0,-0.0
2160303000000,,0.4,0.0,0.0,,0.0,0.0,-0.0
2160344000000,,0.4,0.0,0.0,,0.0,0.0,-0.0
2160388000000,,0.4,0.0,0.0,,0.0,0.0,-0.0
2160433000000,,0.4,0.0,0.0,,0.0,0.0,-0.0
2160479000000,,0.4,0.0,0.0,,0.0,0.0,-0.0
2160523000000,,0.4,0.0,0.0,,0.0,0.0,-0.0
2160566000000,,0.4,0.0,0.0,,0.0,0.0,-0.0
2160610000000,,0.4,0.0,0.0,,0.0,0.0,-0.0
2160654000000,,0.4,0.0,0.0,,0.0,0.0,-0.0
2160696000000,,0.4,0.0,0.0,,0.0,0.0,-0.0
2160739000000,,0.4,0.0,0.0,,0.0,0.0,-0.0
2160779000000,,0.4,0.0,0.0,,0.0,0.0,-0.0
2160795000000,,0.4,0.0,0.0,,0.0,0.0,-0.0
2160838000000,,0.4,0.0,0.0,,0.0,0.0,-0.0
2160880000000,,0.4,0.0,0.0,,0.0,0.0,-0.0
2160896000000,,0.4,0.0,0.0,,0.0,0.0,-0.0
2160912000000,,0.4,0.0,0.0,,0.0,0.0,-0.0
2160929000000,,0.4,0.0,0.0,,0.0,0.0,-0.0
2160945000000,,0.4,0.0,0.0,,0.0,0.0,0.0451436564326
2160963000000,,0.4,0.0,0.0,,0.0,0.0,0.105909399688
2160981000000,,0.4,0.0,0.0,,0.0,0.0,0.157994329929
2160998000000,,0.4,0.0,0.0,,0.0,0.0,0.218760073185
2161014000000,,0.4,0.0,0.0,,0.0,0.0,0.26216417551
2161030000000,,0.4,0.0,0.0,,0.0,0.0,0.288206636906
2161046000000,,0.4,0.0,0.0,,0.0,0.0,0.340291559696
2161063000000,,0.4,0.0,0.0,,0.0,0.0,0.392376482487
2161083000000,,0.4,0.0,0.0,,0.0,0.0,0.401057302952
2161123000000,,0.4,0.0,0.0,,0.0,0.0,0.401057302952
2161132000000,,0.4,0.0,0.0,,0.0,0.0,0.409738123417
2161175000000,,0.4,0.0,0.0,,0.0,0.0,0.409738123417
2161219000000,,0.4,0.0,0.0,,0.0,0.0,0.409738123417
2161254000000,,0.4,0.0,0.0,,0.0,0.0,0.409738123417
2161299000000,,0.4,0.0,0.0,,0.0,0.0,0.409738123417
2161343000000,,0.4,0.0,0.0,,0.0,0.0,0.409738123417
2161387000000,,0.4,0.0,0.0,,0.0,0.0,0.322929918766
2161404000000,,0.4,0.0,0.0,,0.0,0.0,0.22744089365
2161423000000,,0.4,0.0,0.0,,0.0,0.0,0.105909399688
2161442000000,,0.4,0.0,0.0,,0.0,0.0,0.0364628359675
2161459000000,,0.4,0.0,0.0,,0.0,0.0,0.0104203755036
2161503000000,,0.4,0.0,0.0,,0.0,0.0,0.0104203755036
2161512000000,,0.4,0.0,0.0,,0.0,0.0,0.00173955503851
2161558000000,,0.4,0.0,0.0,,0.0,0.0,0.00173955503851
2161603000000,,0.4,0.0,0.0,,0.0,0.0,0.00173955503851
2161646000000,,0.4,0.0,0.0,,0.0,0.0,0.00173955503851
2161691000000,,0.4,0.0,0.0,,0.0,0.0,0.00173955503851
2161736000000,,0.4,0.0,0.0,,0.0,0.0,0.00173955503851
2161780000000,,0.4,0.0,0.0,,0.0,0.0,0.00173955503851
2161823000000,,0.4,0.0,0.0,,0.0,0.0,0.00173955503851
2161869000000,,0.4,0.0,0.0,,0.0,0.0,0.00173955503851
2161914000000,,0.4,0.0,0.0,,0.0,0.0,0.00173955503851
2161923000000,,0.4,0.0,0.0,,0.0,0.0,0.079866938293
2161941000000,,0.4,0.0,0.0,,0.0,0.0,0.21007925272
2161958000000,,0.4,0.0,0.0,,0.0,0.0,0.270844995975
2161976000000,,0.4,0.0,0.0,,0.0,0.0,0.314249098301
2161993000000,,0.4,0.0,0.0,,0.0,0.0,0.348972380161
2162011000000,,0.4,0.0,0.0,,0.0,0.0,0.375014841557
2162027000000,,0.4,0.0,0.0,,0.0,0.0,0.409738123417
2162044000000,,0.4,0.0,0.0,,0.0,0.0,0.487865507603
2162063000000,,0.4,0.0,0.0,,0.0,0.0,0.522588789463
2162080000000,,0.4,0.0,0.0,,0.0,0.0,0.531269609928
2162120000000,,0.4,0.0,0.0,,0.0,0.0,0.531269609928
2162127000000,,0.4,0.0,0.0,,0.0,0.0,0.592035353184
2162144000000,,0.4,0.0,0.0,,0.0,0.0,0.618077814579
2162163000000,,0.4,0.0,0.0,,0.0,0.0,0.644120275974
2162180000000,,0.4,0.0,0.0,,0.0,0.0,0.6875243783
2162196000000,,0.4,0.0,0.0,,0.0,0.0,0.713566839695
2162213000000,,0.4,0.0,0.0,,0.0,0.0,0.730928480625
2162256000000,,0.4,0.0,0.0,,0.0,0.0,0.730928480625
2162300000000,,0.4,0.0,0.0,,0.0,0.0,0.730928480625
2162343000000,,0.4,0.0,0.0,,0.0,0.0,0.730928480625
2162387000000,,0.4,0.0,0.0,,0.0,0.0,0.730928480625
2162432000000,,0.4,0.0,0.0,,0.0,0.0,0.730928480625
2162441000000,,0.4,0.0,0.0,,0.0,0.0,0.574673712254
2162459000000,,0.4,0.0,0.0,,0.0,0.0,0.531269609928
2162476000000,,0.4,0.0,0.0,,0.0,0.0,0.444461405277
2162494000000,,0.4,0.0,0.0,,0.0,0.0,0.331610739231
2162511000000,,0.4,0.0,0.0,,0.0,0.0,0.21007925272
2162529000000,,0.4,0.0,0.0,,0.0,0.0,-0.0
2162545000000,,0.4,0.0,0.0,,0.0,0.0,-0.0
2162589000000,,0.4,0.0,0.0,,0.0,0.0,-0.0
2162633000000,,0.4,0.0,0.0,,0.0,0.0,-0.0
2162678000000,,0.4,0.0,0.0,,0.0,0.0,-0.0
2162721000000,,0.4,0.0,0.0,,0.0,0.0,-0.0
2162761000000,,0.4,0.0,0.0,,0.0,0.0,-0.0
2162804000000,,0.4,0.0,0.0,,0.0,0.0,-0.0
2162851000000,,0.4,0.0,0.0,,0.0,0.0,-0.0
2162897000000,,0.4,0.0,0.0,,0.0,0.0,-0.0
2162943000000,,0.4,0.0,0.0,,0.0,0.0,-0.0
2162985000000,,0.4,0.0,0.0,,0.0,0.0,-0.0
2163022000000,,0.4,0.0,0.0,,0.0,0.0,-0.0
2163039000000,,0.4,0.0,0.0,,0.0,0.0,0.140632688999
2163057000000,,0.4,0.0,0.0,,0.0,0.0,0.296887457371
2163074000000,,0.4,0.0,0.0,,0.0,0.0,0.409738123417
2163091000000,,0.4,0.0,0.0,,0.0,0.0,0.539950430393
2163109000000,,0.4,0.0,0.0,,0.0,0.0,0.592035353184
2163126000000,,0.4,0.0,0.0,,0.0,0.0,0.644120275974
2163143000000,,0.4,0.0,0.0,,0.0,0.0,0.661481916904
2163163000000,,0.4,0.0,0.0,,0.0,0.0,0.67016273737
2163205000000,,0.4,0.0,0.0,,0.0,0.0,0.67016273737
2163250000000,,0.4,0.0,0.0,,0.0,0.0,0.67016273737
2163294000000,,0.4,0.0,0.0,,0.0,0.0,0.67016273737
2163337000000,,0.4,0.0,0.0,,0.0,0.0,0.67016273737
2163354000000,,0.4,0.0,0.0,,0.0,0.0,0.678843557835
2163399000000,,0.4,0.0,0.0,,0.0,0.0,0.678843557835
2163443000000,,0.4,0.0,0.0,,0.0,0.0,0.678843557835
2163490000000,,0.4,0.0,0.0,,0.0,0.0,0.678843557835
2163499000000,,0.4,0.0,0.0,,0.0,0.0,0.600716173649
2163517000000,,0.4,0.0,0.0,,0.0,0.0,0.409738123417
2163535000000,,0.4,0.0,0.0,,0.0,0.0,0.348972380161
2163571000000,,0.4,0.0,0.0,,0.0,0.0,0.340291559696
2163589000000,,0.4,0.0,0.0,,0.0,0.0,0.296887457371
2163606000000,,0.4,0.0,0.0,,0.0,0.0,0.288206636906
2163624000000,,0.4,0.0,0.0,,0.0,0.0,0.253483355045
2163643000000,,0.4,0.0,0.0,,0.0,0.0,0.131951868534
2163662000000,,0.4,0.0,0.0,,0.0,0.0,-0.0
2163680000000,,0.4,0.0,0.0,,0.0,0.0,-0.0
2163723000000,,0.4,0.0,0.0,,0.0,0.0,-0.0
2163768000000,,0.4,0.0,0.0,,0.0,0.0,-0.0
2163803000000,,0.4,0.0,0.0,,0.0,0.0,-0.0
2163843000000,,0.4,0.0,0.0,,0.0,0.0,-0.0
2163884000000,,0.4,0.0,0.0,,0.0,0.0,-0.0
2163927000000,,0.4,0.0,0.0,,0.0,0.0,-0.0
2163944000000,,0.4,0.0,0.0,,0.0,0.0,-0.0
2163963000000,,0.4,0.0,0.0,,0.0,0.0,-0.0
2163980000000,,0.4,0.0,0.0,,0.0,0.0,-0.0
2163997000000,,0.4,0.0,0.0,,0.0,0.0,0.079866938293
2164013000000,,0.4,0.0,0.0,,0.0,0.0,0.201398432255
2164030000000,,0.4,0.0,0.0,,0.0,0.0,0.279525816441
2164046000000,,0.4,0.0,0.0,,0.0,0.0,0.314249098301
2164063000000,,0.4,0.0,0.0,,0.0,0.0,0.375014841557
2164083000000,,0.4,0.0,0.0,,0.0,0.0,0.444461405277
2164101000000,,0.4,0.0,0.0,,0.0,0.0,0.513907968998
2164119000000,,0.4,0.0,0.0,,0.0,0.0,0.539950430393
2164136000000,,0.4,0.0,0.0,,0.0,0.0,0.557312071323
2164154000000,,0.4,0.0,0.0,,0.0,0.0,0.592035353184
2164171000000,,0.4,0.0,0.0,,0.0,0.0,0.609396994114
2164217000000,,0.4,0.0,0.0,,0.0,0.0,0.609396994114
2164225000000,,0.4,0.0,0.0,,0.0,0.0,0.696205198765
2164243000000,,0.4,0.0,0.0,,0.0,0.0,0.730928480625
2164261000000,,0.4,0.0,0.0,,0.0,0.0,0.765651762486
2164279000000,,0.4,0.0,0.0,,0.0,0.0,0.791694223881
2164296000000,,0.4,0.0,0.0,,0.0,0.0,0.809055864811
2164341000000,,0.4,0.0,0.0,,0.0,0.0,0.809055864811
2164383000000,,0.4,0.0,0.0,,0.0,0.0,0.809055864811
2164402000000,,0.4,0.0,0.0,,0.0,0.0,0.817736685276
2164444000000,,0.4,0.0,0.0,,0.0,0.0,0.817736685276
2164489000000,,0.4,0.0,0.0,,0.0,0.0,0.817736685276
2164523000000,,0.4,0.0,0.0,,0.0,0.0,0.618077814579
2164543000000,,0.4,0.0,0.0,,0.0,0.0,0.279525816441
2164560000000,,0.4,0.0,0.0,,0.0,0.0,-0.0
2164600000000,,0.4,0.0,0.0,,0.0,0.0,-0.0
2164641000000,,0.4,0.0,0.0,,0.0,0.0,-0.0
2164681000000,,0.4,0.0,0.0,,0.0,0.0,-0.0
2164715000000,,0.4,0.0,0.0,,0.0,0.0,-0.0
2164753000000,,0.4,0.0,0.0,,0.0,0.0,-0.0
2164793000000,,0.4,0.0,0.0,,0.0,0.0,-0.0
2164837000000,,0.4,0.0,0.0,,0.0,0.0,-0.0
2164881000000,,0.4,0.0,0.0,,0.0,0.0,-0.0
2164923000000,,0.4,0.0,0.0,,0.0,0.0,-0.0
2164965000000,,0.4,0.0,0.0,,0.0,0.0,-0.0
2165008000000,,0.4,0.0,0.0,,0.0,0.0,-0.0
2165051000000,,0.4,0.0,0.0,,0.0,0.0,-0.0
2165095000000,,0.4,0.0,0.0,,0.0,0.0,-0.0
2165139000000,,0.4,0.0,0.0,,0.0,0.0,-0.0
2165180000000,,0.4,0.0,0.0,,0.0,0.0,-0.0
2165223000000,,0.4,0.0,0.0,,0.0,0.0,-0.0
2165263000000,,0.4,0.0,0.0,,0.0,0.0,-0.0
2165305000000,,0.4,0.0,0.0,,0.0,0.0,-0.0
2165347000000,,0.4,0.0,0.0,,0.0,0.0,-0.0
2165390000000,,0.4,0.0,0.0,,0.0,0.0,-0.0
2165431000000,,0.4,0.0,0.0,,0.0,0.0,-0.0
2165474000000,,0.4,0.0,0.0,,0.0,0.0,-0.0
2165516000000,,0.4,0.0,0.0,,0.0,0.0,-0.0
2165559000000,,0.4,0.0,0.0,,0.0,0.0,-0.0
2165601000000,,0.4,0.0,0.0,,0.0,0.0,-0.0
2165643000000,,0.4,0.0,0.0,,0.0,0.0,-0.0
2165683000000,,0.4,0.0,0.0,,0.0,0.0,-0.0
2165726000000,,0.4,0.0,0.0,,0.0,0.0,-0.0
2165769000000,,0.4,0.0,0.0,,0.0,0.0,-0.0
2165812000000,,0.4,0.0,0.0,,0.0,0.0,-0.0
2165854000000,,0.4,0.0,0.0,,0.0,0.0,-0.0
2165896000000,,0.4,0.0,0.0,,0.0,0.0,-0.0
2165940000000,,0.4,0.0,0.0,,0.0,0.0,-0.0
2165982000000,,0.4,0.0,0.0,,0.0,0.0,-0.0
2166023000000,,0.4,0.0,0.0,,0.0,0.0,-0.0
2166064000000,,0.4,0.0,0.0,,0.0,0.0,-0.0
2166107000000,,0.4,0.0,0.0,,0.0,0.0,-0.0
2166149000000,,0.4,0.0,0.0,,0.0,0.0,-0.0
2166192000000,,0.4,0.0,0.0,,0.0,0.0,-0.0
2166234000000,,0.4,0.0,0.0,,0.0,0.0,-0.0
2166277000000,,0.4,0.0,0.0,,0.0,0.0,-0.0
2166320000000,,0.4,0.0,0.0,,0.0,0.0,-0.0
2166362000000,,0.4,0.0,0.0,,0.0,0.0,-0.0
2166403000000,,0.4,0.0,0.0,,0.0,0.0,-0.0
2166443000000,,0.4,0.0,0.0,,0.0,0.0,-0.0
2166483000000,,0.4,0.0,0.0,,0.0,0.0,-0.0
2166524000000,,0.4,0.0,0.0,,0.0,0.0,-0.0
2166566000000,,0.4,0.0,0.0,,0.0,0.0,-0.0
2166608000000,,0.4,0.0,0.0,,0.0,0.0,-0.0
2166651000000,,0.4,0.0,0.0,,0.0,0.0,-0.0
2166695000000,,0.4,0.0,0.0,,0.0,0.0,-0.0
2166738000000,,0.4,0.0,0.0,,0.0,0.0,-0.0
2166781000000,,0.4,0.0,0.0,,0.0,0.0,-0.0
2166823000000,,0.4,0.0,0.0,,0.0,0.0,-0.0
2166865000000,,0.4,0.0,0.0,,0.0,0.0,-0.0
2166908000000,,0.4,0.0,0.0,,0.0,0.0,-0.0
2166951000000,,0.4,0.0,0.0,,0.0,0.0,-0.0
2166995000000,,0.4,0.0,0.0,,0.0,0.0,-0.0
2167038000000,,0.4,0.0,0.0,,0.0,0.0,-0.0
2167082000000,,0.4,0.0,0.0,,0.0,0.0,-0.0
2167123000000,,0.4,0.0,0.0,,0.0,0.0,-0.0
2167165000000,,0.4,0.0,0.0,,0.0,0.0,-0.0
2167209000000,,0.4,0.0,0.0,,0.0,0.0,-0.0
2167252000000,,0.4,0.0,0.0,,0.0,0.0,-0.0
2167295000000,,0.4,0.0,0.0,,0.0,0.0,-0.0
2167339000000,,0.4,0.0,0.0,,0.0,0.0,-0.0
2167383000000,,0.4,0.0,0.0,,0.0,0.0,-0.0
2167423000000,,0.4,0.0,0.0,,0.0,0.0,-0.0
2167466000000,,0.4,0.0,0.0,,0.0,0.0,-0.0
2167509000000,,0.4,0.0,0.0,,0.0,0.0,-0.0
2167551000000,,0.4,0.0,0.0,,0.0,0.0,-0.0
2167594000000,,0.4,0.0,0.0,,0.0,0.0,-0.0
2167639000000,,0.4,0.0,0.0,,0.0,0.0,-0.0
2167683000000,,0.4,0.0,0.0,,0.0,0.0,-0.0
2167728000000,,0.4,0.0,0.0,,0.0,0.0,-0.0
2167772000000,,0.4,0.0,0.0,,0.0,0.0,-0.0
2167814000000,,0.4,0.0,0.0,,0.0,0.0,-0.0
2167856000000,,0.4,0.0,0.0,,0.0,0.0,-0.0
2167898000000,,0.4,0.0,0.0,,0.0,0.0,-0.0
2167939000000,,0.4,0.0,0.0,,0.0,0.0,-0.0
2167982000000,,0.4,0.0,0.0,,0.0,0.0,-0.0
2168023000000,,0.4,0.0,0.0,,0.0,0.0,-0.0
2168063000000,,0.4,0.0,0.0,,0.0,0.0,-0.0
2168105000000,,0.4,0.0,0.0,,0.0,0.0,-0.0
2168148000000,,0.4,0.0,0.0,,0.0,0.0,-0.0
2168192000000,,0.4,0.0,0.0,,0.0,0.0,-0.0
2168229000000,,0.4,0.0,0.0,,0.0,0.0,-0.0
2168270000000,,0.4,0.0,0.0,,0.0,0.0,-0.0
2168311000000,,0.4,0.0,0.0,,0.0,0.0,-0.0
2168348000000,,0.4,0.0,0.0,,0.0,0.0,-0.0
2168366000000,,0.4,0.0,0.0,,0.0,0.0,-0.0
2168384000000,,0.4,0.0,0.0,,0.0,0.0,0.079866938293
2168403000000,,0.4,0.0,0.0,,0.0,0.0,0.131951868534
2168422000000,,0.4,0.0,0.0,,0.0,0.0,0.157994329929
2168456000000,,0.4,0.0,0.0,,0.0,0.0,0.19271761179
2168472000000,,0.4,0.0,0.0,,0.0,0.0,0.24480253458
2168491000000,,0.4,0.0,0.0,,0.0,0.0,0.279525816441
2168536000000,,0.4,0.0,0.0,,0.0,0.0,0.279525816441
2168583000000,,0.4,0.0,0.0,,0.0,0.0,0.279525816441
2168624000000,,0.4,0.0,0.0,,0.0,0.0,0.279525816441
2168668000000,,0.4,0.0,0.0,,0.0,0.0,0.279525816441
2168712000000,,0.4,0.0,0.0,,0.0,0.0,0.279525816441
2168756000000,,0.4,0.0,0.0,,0.0,0.0,0.279525816441
2168799000000,,0.4,0.0,0.0,,0.0,0.0,0.279525816441
2168843000000,,0.4,0.0,0.0,,0.0,0.0,0.279525816441
2168883000000,,0.4,0.0,0.0,,0.0,0.0,0.279525816441
2168915000000,,0.4,0.0,0.0,,0.0,0.0,0.279525816441
2168956000000,,0.4,0.0,0.0,,0.0,0.0,0.279525816441
2168997000000,,0.4,0.0,0.0,,0.0,0.0,0.17535597086
2169013000000,,0.4,0.0,0.0,,0.0,0.0,-0.0
2169030000000,,0.4,0.0,0.0,,0.0,0.0,-0.0
2169046000000,,0.4,0.0,0.0,,0.0,0.0,-0.0
2169088000000,,0.4,0.0,0.0,,0.0,0.0,-0.0
2169131000000,,0.4,0.0,0.0,,0.0,0.0,-0.0
2169173000000,,0.4,0.0,0.0,,0.0,0.0,-0.0
2169216000000,,0.4,0.0,0.0,,0.0,0.0,-0.0
2169258000000,,0.4,0.0,0.0,,0.0,0.0,-0.0
2169300000000,,0.4,0.0,0.0,,0.0,0.0,-0.0
2169340000000,,0.4,0.0,0.0,,0.0,0.0,-0.0
2169380000000,,0.4,0.0,0.0,,0.0,0.0,-0.0
2169422000000,,0.4,0.0,0.0,,0.0,0.0,-0.0
2169463000000,,0.4,0.0,0.0,,0.0,0.0,-0.0
2169503000000,,0.4,0.0,0.0,,0.0,0.0,-0.0
2169545000000,,0.4,0.0,0.0,,0.0,0.0,-0.0
2169587000000,,0.4,0.0,0.0,,0.0,0.0,-0.0
2169629000000,,0.4,0.0,0.0,,0.0,0.0,-0.0
2169671000000,,0.4,0.0,0.0,,0.0,0.0,-0.0
2169716000000,,0.4,0.0,0.0,,0.0,0.0,-0.0
2169760000000,,0.4,0.0,0.0,,0.0,0.0,-0.0
2169803000000,,0.4,0.0,0.0,,0.0,0.0,-0.0
2169847000000,,0.4,0.0,0.0,,0.0,0.0,-0.0
2169893000000,,0.4,0.0,0.0,,0.0,0.0,-0.0
2169925000000,,0.4,0.0,0.0,,0.0,0.0,0.0277820173651
2169943000000,,0.4,0.0,0.0,,0.0,0.0,0.157994329929
2169962000000,,0.4,0.0,0.0,,0.0,0.0,0.236121714115
2169979000000,,0.4,0.0,0.0,,0.0,0.0,0.270844995975
2170023000000,,0.4,0.0,0.0,,0.0,0.0,0.270844995975
2170064000000,,0.4,0.0,0.0,,0.0,0.0,0.270844995975
2170083000000,,0.4,0.0,0.0,,0.0,0.0,0.279525816441
2170124000000,,0.4,0.0,0.0,,0.0,0.0,0.279525816441
2170167000000,,0.4,0.0,0.0,,0.0,0.0,0.279525816441
2170203000000,,0.4,0.0,0.0,,0.0,0.0,0.270844995975
2170223000000,,0.4,0.0,0.0,,0.0,0.0,0.26216417551
2170265000000,,0.4,0.0,0.0,,0.0,0.0,0.26216417551
2170275000000,,0.4,0.0,0.0,,0.0,0.0,0.253483355045
2170310000000,,0.4,0.0,0.0,,0.0,0.0,0.24480253458
2170355000000,,0.4,0.0,0.0,,0.0,0.0,0.24480253458
2170399000000,,0.4,0.0,0.0,,0.0,0.0,0.24480253458
2170434000000,,0.4,0.0,0.0,,0.0,0.0,0.418418943882
2170451000000,,0.4,0.0,0.0,,0.0,0.0,0.600716173649
2170469000000,,0.4,0.0,0.0,,0.0,0.0,0.652801096439
2170486000000,,0.4,0.0,0.0,,0.0,0.0,0.73960930109
2170503000000,,0.4,0.0,0.0,,0.0,0.0,0.783013403416
2170523000000,,0.4,0.0,0.0,,0.0,0.0,0.800375044346
2170540000000,,0.4,0.0,0.0,,0.0,0.0,0.809055864811
2170581000000,,0.4,0.0,0.0,,0.0,0.0,0.809055864811
2170623000000,,0.4,0.0,0.0,,0.0,0.0,0.809055864811
2170657000000,,0.4,0.0,0.0,,0.0,0.0,0.809055864811
2170702000000,,0.4,0.0,0.0,,0.0,0.0,0.609396994114
2170719000000,,0.4,0.0,0.0,,0.0,0.0,0.331610739231
2170736000000,,0.4,0.0,0.0,,0.0,0.0,0.0972285792232
2170753000000,,0.4,0.0,0.0,,0.0,0.0,-0.0
2170796000000,,0.4,0.0,0.0,,0.0,0.0,-0.0
2170839000000,,0.4,0.0,0.0,,0.0,0.0,-0.0
2170883000000,,0.4,0.0,0.0,,0.0,0.0,-0.0
2170923000000,,0.4,0.0,0.0,,0.0,0.0,-0.0
2170964000000,,0.4,0.0,0.0,,0.0,0.0,-0.0
2171006000000,,0.4,0.0,0.0,,0.0,0.0,-0.0
2171047000000,,0.4,0.0,0.0,,0.0,0.0,-0.0
2171089000000,,0.4,0.0,0.0,,0.0,0.0,-0.0
2171130000000,,0.4,0.0,0.0,,0.0,0.0,-0.0
2171171000000,,0.4,0.0,0.0,,0.0,0.0,-0.0
2171214000000,,0.4,0.0,0.0,,0.0,0.0,-0.0
2171257000000,,0.4,0.0,0.0,,0.0,0.0,-0.0
2171299000000,,0.4,0.0,0.0,,0.0,0.0,-0.0
2171342000000,,0.4,0.0,0.0,,0.0,0.0,-0.0
2171381000000,,0.4,0.0,0.0,,0.0,0.0,-0.0
2171423000000,,0.4,0.0,0.0,,0.0,0.0,-0.0
2171439000000,,0.4,0.0,0.0,,0.0,0.0,-0.0
2171457000000,,0.4,0.0,0.0,,0.0,0.0,-0.184036791325
2171474000000,,0.4,0.0,0.0,,0.0,0.0,-0.19271761179
2171492000000,,0.4,0.0,0.0,,0.0,0.0,-0.218760073185
2171538000000,,0.4,0.0,0.0,,0.0,0.0,-0.218760073185
2171563000000,,0.4,0.0,0.0,,0.0,0.0,-0.21007925272
2171606000000,,0.4,0.0,0.0,,0.0,0.0,-0.21007925272
2171650000000,,0.4,0.0,0.0,,0.0,0.0,-0.21007925272
2171694000000,,0.4,0.0,0.0,,0.0,0.0,-0.21007925272
2171737000000,,0.4,0.0,0.0,,0.0,0.0,-0.21007925272
2171779000000,,0.4,0.0,0.0,,0.0,0.0,-0.21007925272
2171822000000,,0.4,0.0,0.0,,0.0,0.0,-0.21007925272
2171863000000,,0.4,0.0,0.0,,0.0,0.0,-0.21007925272
2171889000000,,0.4,0.0,0.0,,0.0,0.0,-0.0
2171933000000,,0.4,0.0,0.0,,0.0,0.0,-0.0
2171976000000,,0.4,0.0,0.0,,0.0,0.0,-0.0
2172020000000,,0.4,0.0,0.0,,0.0,0.0,-0.0
2172063000000,,0.4,0.0,0.0,,0.0,0.0,-0.0
2172103000000,,0.4,0.0,0.0,,0.0,0.0,-0.0
2172145000000,,0.4,0.0,0.0,,0.0,0.0,-0.0
2172188000000,,0.4,0.0,0.0,,0.0,0.0,-0.0
2172231000000,,0.4,0.0,0.0,,0.0,0.0,-0.0
2172273000000,,0.4,0.0,0.0,,0.0,0.0,-0.0
2172316000000,,0.4,0.0,0.0,,0.0,0.0,-0.0
2172360000000,,0.4,0.0,0.0,,0.0,0.0,-0.0
2172403000000,,0.4,0.0,0.0,,0.0,0.0,-0.0
2172443000000,,0.4,0.0,0.0,,0.0,0.0,-0.0
2172485000000,,0.4,0.0,0.0,,0.0,0.0,-0.0
2172528000000,,0.4,0.0,0.0,,0.0,0.0,-0.0
2172573000000,,0.4,0.0,0.0,,0.0,0.0,-0.0
2172617000000,,0.4,0.0,0.0,,0.0,0.0,-0.0
2172661000000,,0.4,0.0,0.0,,0.0,0.0,-0.0
2172703000000,,0.4,0.0,0.0,,0.0,0.0,-0.0
2172748000000,,0.4,0.0,0.0,,0.0,0.0,-0.0
2172792000000,,0.4,0.0,0.0,,0.0,0.0,-0.0
2172837000000,,0.4,0.0,0.0,,0.0,0.0,-0.0
2172881000000,,0.4,0.0,0.0,,0.0,0.0,-0.0
2172923000000,,0.4,0.0,0.0,,0.0,0.0,-0.0
2172967000000,,0.4,0.0,0.0,,0.0,0.0,-0.0
2173011000000,,0.4,0.0,0.0,,0.0,0.0,-0.0
2173054000000,,0.4,0.0,0.0,,0.0,0.0,-0.0
2173096000000,,0.4,0.0,0.0,,0.0,0.0,-0.0
2173139000000,,0.4,0.0,0.0,,0.0,0.0,-0.0
2173182000000,,0.4,0.0,0.0,,0.0,0.0,-0.0
2173223000000,,0.4,0.0,0.0,,0.0,0.0,-0.0
2173265000000,,0.4,0.0,0.0,,0.0,0.0,-0.0
2173309000000,,0.4,0.0,0.0,,0.0,0.0,-0.0
2173333000000,,0.4,0.0,0.0,,0.0,0.0,-0.0538244768977
2173350000000,,0.4,0.0,0.0,,0.0,0.0,-0.166675150394
2173367000000,,0.4,0.0,0.0,,0.0,0.0,-0.296887457371
2173384000000,,0.4,0.0,0.0,,0.0,0.0,-0.392376482487
2173428000000,,0.4,0.0,0.0,,0.0,0.0,-0.392376482487
2173472000000,,0.4,0.0,0.0,,0.0,0.0,-0.392376482487
2173517000000,,0.4,0.0,0.0,,0.0,0.0,-0.392376482487
2173561000000,,0.4,0.0,0.0,,0.0,0.0,-0.392376482487
2173603000000,,0.4,0.0,0.0,,0.0,0.0,-0.392376482487
2173612000000,,0.4,0.0,0.0,,0.0,0.0,-0.357653200626
2173629000000,,0.4,0.0,0.0,,0.0,0.0,-0.279525816441
2173646000000,,0.4,0.0,0.0,,0.0,0.0,-0.22744089365
2173664000000,,0.4,0.0,0.0,,0.0,0.0,-0.0885477587581
2173683000000,,0.4,0.0,0.0,,0.0,0.0,-0.0
2173726000000,,0.4,0.0,0.0,,0.0,0.0,-0.0
2173770000000,,0.4,0.0,0.0,,0.0,0.0,-0.0
2173815000000,,0.4,0.0,0.0,,0.0,0.0,-0.0
2173859000000,,0.4,0.0,0.0,,0.0,0.0,-0.0
2173903000000,,0.4,0.0,0.0,,0.0,0.0,-0.0
2173946000000,,0.4,0.0,0.0,,0.0,0.0,-0.0
2173991000000,,0.4,0.0,0.0,,0.0,0.0,-0.0
2174036000000,,0.4,0.0,0.0,,0.0,0.0,-0.0
2174081000000,,0.4,0.0,0.0,,0.0,0.0,-0.0
2174123000000,,0.4,0.0,0.0,,0.0,0.0,-0.0
2174168000000,,0.4,0.0,0.0,,0.0,0.0,-0.0
2174212000000,,0.4,0.0,0.0,,0.0,0.0,-0.0
2174256000000,,0.4,0.0,0.0,,0.0,0.0,-0.0
2174300000000,,0.4,0.0,0.0,,0.0,0.0,-0.0
2174343000000,,0.4,0.0,0.0,,0.0,0.0,-0.0
2174386000000,,0.4,0.0,0.0,,0.0,0.0,-0.0
2174430000000,,0.4,0.0,0.0,,0.0,0.0,-0.0
2174474000000,,0.4,0.0,0.0,,0.0,0.0,-0.0
2174518000000,,0.4,0.0,0.0,,0.0,0.0,-0.0
2174562000000,,0.4,0.0,0.0,,0.0,0.0,-0.0
2174604000000,,0.4,0.0,0.0,,0.0,0.0,-0.0
2174647000000,,0.4,0.0,0.0,,0.0,0.0,-0.0
2174692000000,,0.4,0.0,0.0,,0.0,0.0,-0.0
2174736000000,,0.4,0.0,0.0,,0.0,0.0,-0.0
2174781000000,,0.4,0.0,0.0,,0.0,0.0,-0.0
2174823000000,,0.4,0.0,0.0,,0.0,0.0,-0.0
2174867000000,,0.4,0.0,0.0,,0.0,0.0,-0.0
2174912000000,,0.4,0.0,0.0,,0.0,0.0,-0.0
2174959000000,,0.4,0.0,0.0,,0.0,0.0,-0.0
2175003000000,,0.4,0.0,0.0,,0.0,0.0,-0.0
2175049000000,,0.4,0.0,0.0,,0.0,0.0,-0.0
2175094000000,,0.4,0.0,0.0,,0.0,0.0,-0.0
2175140000000,,0.4,0.0,0.0,,0.0,0.0,-0.0
2175184000000,,0.4,0.0,0.0,,0.0,0.0,-0.0
2175230000000,,0.4,0.0,0.0,,0.0,0.0,-0.0
2175275000000,,0.4,0.0,0.0,,0.0,0.0,-0.0
2175320000000,,0.4,0.0,0.0,,0.0,0.0,-0.0
2175361000000,,0.4,0.0,0.0,,0.0,0.0,-0.0711861178279
2175379000000,,0.4,0.0,0.0,,0.0,0.0,-0.19271761179
2175396000000,,0.4,0.0,0.0,,0.0,0.0,-0.296887457371
2175414000000,,0.4,0.0,0.0,,0.0,0.0,-0.392376482487
2175459000000,,0.4,0.0,0.0,,0.0,0.0,-0.392376482487
2175504000000,,0.4,0.0,0.0,,0.0,0.0,-0.392376482487
2175550000000,,0.4,0.0,0.0,,0.0,0.0,-0.392376482487
2175597000000,,0.4,0.0,0.0,,0.0,0.0,-0.331610739231
2175616000000,,0.4,0.0,0.0,,0.0,0.0,-0.17535597086
2175635000000,,0.4,0.0,0.0,,0.0,0.0,-0.0625052973628
2175653000000,,0.4,0.0,0.0,,0.0,0.0,-0.0
2175700000000,,0.4,0.0,0.0,,0.0,0.0,-0.0
2175744000000,,0.4,0.0,0.0,,0.0,0.0,-0.0
2175791000000,,0.4,0.0,0.0,,0.0,0.0,-0.0
2175837000000,,0.4,0.0,0.0,,0.0,0.0,-0.0
2175882000000,,0.4,0.0,0.0,,0.0,0.0,-0.0
2175924000000,,0.4,0.0,0.0,,0.0,0.0,-0.0
2175968000000,,0.4,0.0,0.0,,0.0,0.0,-0.0
2176013000000,,0.4,0.0,0.0,,0.0,0.0,-0.0
2176058000000,,0.4,0.0,0.0,,0.0,0.0,-0.0
2176102000000,,0.4,0.0,0.0,,0.0,0.0,-0.0
2176146000000,,0.4,0.0,0.0,,0.0,0.0,-0.0
2176192000000,,0.4,0.0,0.0,,0.0,0.0,-0.0
2176238000000,,0.4,0.0,0.0,,0.0,0.0,-0.0
2176283000000,,0.4,0.0,0.0,,0.0,0.0,-0.0
2176330000000,,0.4,0.0,0.0,,0.0,0.0,-0.0
2176379000000,,0.4,0.0,0.0,,0.0,0.0,-0.0
2176426000000,,0.4,0.0,0.0,,0.0,0.0,-0.0
2176473000000,,0.4,0.0,0.0,,0.0,0.0,-0.0
2176521000000,,0.4,0.0,0.0,,0.0,0.0,-0.0
2176567000000,,0.4,0.0,0.0,,0.0,0.0,-0.0
2176614000000,,0.4,0.0,0.0,,0.0,0.0,-0.0
2176660000000,,0.4,0.0,0.0,,0.0,0.0,-0.0
2176704000000,,0.4,0.0,0.0,,0.0,0.0,-0.0
2176750000000,,0.4,0.0,0.0,,0.0,0.0,-0.0
2176796000000,,0.4,0.0,0.0,,0.0,0.0,-0.0
2176842000000,,0.4,0.0,0.0,,0.0,0.0,-0.0
2176886000000,,0.4,0.0,0.0,,0.0,0.0,-0.0
2176932000000,,0.4,0.0,0.0,,0.0,0.0,-0.0
2176978000000,,0.4,0.0,0.0,,0.0,0.0,-0.0
2177023000000,,0.4,0.0,0.0,,0.0,0.0,-0.0
2177064000000,,0.4,0.0,0.0,,0.0,0.0,-0.0
2177109000000,,0.4,0.0,0.0,,0.0,0.0,-0.0
2177157000000,,0.4,0.0,0.0,,0.0,0.0,-0.0
2177205000000,,0.4,0.0,0.0,,0.0,0.0,-0.0
2177254000000,,0.4,0.0,0.0,,0.0,0.0,-0.0
2177302000000,,0.4,0.0,0.0,,0.0,0.0,-0.0
2177347000000,,0.4,0.0,0.0,,0.0,0.0,-0.0
2177394000000,,0.4,0.0,0.0,,0.0,0.0,-0.0
2177441000000,,0.4,0.0,0.0,,0.0,0.0,-0.0
2177487000000,,0.4,0.0,0.0,,0.0,0.0,-0.0
2177535000000,,0.4,0.0,0.0,,0.0,0.0,-0.0
2177542000000,,0.4,0.0,0.0,,0.0,0.0,-0.0
2177561000000,,0.4,0.0,0.0,,0.0,0.0,-0.0
2177580000000,,0.4,0.0,0.0,,0.0,0.0,-0.0
2177627000000,,0.4,0.0,0.0,,0.0,0.0,-0.0
2177637000000,,0.4,0.0,0.0,,0.0,0.0,-0.0
2177684000000,,0.4,0.0,0.0,,0.0,0.0,-0.0
2177732000000,,0.4,0.0,0.0,,0.0,0.0,-0.0
2177780000000,,0.4,0.0,0.0,,0.0,0.0,-0.0
2177827000000,,0.4,0.0,0.0,,0.0,0.0,-0.0
2177874000000,,0.4,0.0,0.0,,0.0,0.0,-0.0
2177921000000,,0.4,0.0,0.0,,0.0,0.0,-0.0
2177966000000,,0.4,0.0,0.0,,0.0,0.0,-0.0
2178013000000,,0.4,0.0,0.0,,0.0,0.0,-0.0
2178059000000,,0.4,0.0,0.0,,0.0,0.0,-0.0
2178103000000,,0.4,0.0,0.0,,0.0,0.0,-0.0
2178123000000,,0.4,0.0,0.0,,0.0,0.0,-0.0
2178141000000,,0.4,0.0,0.0,,0.0,0.0,-0.131951868534
2178159000000,,0.4,0.0,0.0,,0.0,0.0,-0.184036791325
2178176000000,,0.4,0.0,0.0,,0.0,0.0,-0.253483355045
2178194000000,,0.4,0.0,0.0,,0.0,0.0,-0.322929918766
2178230000000,,0.4,0.0,0.0,,0.0,0.0,-0.348972380161
2178249000000,,0.4,0.0,0.0,,0.0,0.0,-0.357653200626
2178295000000,,0.4,0.0,0.0,,0.0,0.0,-0.357653200626
2178303000000,,0.4,0.0,0.0,,0.0,0.0,-0.366334021091
2178342000000,,0.4,0.0,0.0,,0.0,0.0,-0.375014841557
2178389000000,,0.4,0.0,0.0,,0.0,0.0,-0.375014841557
2178437000000,,0.4,0.0,0.0,,0.0,0.0,-0.375014841557
2178456000000,,0.4,0.0,0.0,,0.0,0.0,-0.366334021091
2178502000000,,0.4,0.0,0.0,,0.0,0.0,-0.366334021091
2178510000000,,0.4,0.0,0.0,,0.0,0.0,-0.409738123417
2178529000000,,0.4,0.0,0.0,,0.0,0.0,-0.505227148533
2178546000000,,0.4,0.0,0.0,,0.0,0.0,-0.574673712254
2178593000000,,0.4,0.0,0.0,,0.0,0.0,-0.574673712254
2178640000000,,0.4,0.0,0.0,,0.0,0.0,-0.574673712254
2178685000000,,0.4,0.0,0.0,,0.0,0.0,-0.574673712254
2178732000000,,0.4,0.0,0.0,,0.0,0.0,-0.574673712254
2178779000000,,0.4,0.0,0.0,,0.0,0.0,-0.574673712254
2178825000000,,0.4,0.0,0.0,,0.0,0.0,-0.574673712254
2178872000000,,0.4,0.0,0.0,,0.0,0.0,-0.574673712254
2178919000000,,0.4,0.0,0.0,,0.0,0.0,-0.574673712254
2178963000000,,0.4,0.0,0.0,,0.0,0.0,-0.574673712254
2179009000000,,0.4,0.0,0.0,,0.0,0.0,-0.574673712254
2179056000000,,0.4,0.0,0.0,,0.0,0.0,-0.574673712254
2179102000000,,0.4,0.0,0.0,,0.0,0.0,-0.574673712254
2179120000000,,0.4,0.0,0.0,,0.0,0.0,-0.531269609928
2179138000000,,0.4,0.0,0.0,,0.0,0.0,-0.140632688999
2179156000000,,0.4,0.0,0.0,,0.0,0.0,-0.0
2179203000000,,0.4,0.0,0.0,,0.0,0.0,-0.0
2179249000000,,0.4,0.0,0.0,,0.0,0.0,-0.0
2179297000000,,0.4,0.0,0.0,,0.0,0.0,-0.0
2179325000000,,0.4,0.0,0.0,,0.0,0.0,-0.0
2179344000000,,0.4,0.0,0.0,,0.0,0.0,0.0191011969
2179363000000,,0.4,0.0,0.0,,0.0,0.0,0.140632688999
2179382000000,,0.4,0.0,0.0,,0.0,0.0,0.253483355045
2179401000000,,0.4,0.0,0.0,,0.0,0.0,0.375014841557
2179420000000,,0.4,0.0,0.0,,0.0,0.0,0.513907968998
2179438000000,,0.4,0.0,0.0,,0.0,0.0,0.592035353184
2179457000000,,0.4,0.0,0.0,,0.0,0.0,0.67016273737
2179476000000,,0.4,0.0,0.0,,0.0,0.0,0.696205198765
2179515000000,,0.4,0.0,0.0,,0.0,0.0,0.70488601923
2179563000000,,0.4,0.0,0.0,,0.0,0.0,0.70488601923
2179610000000,,0.4,0.0,0.0,,0.0,0.0,0.70488601923
2179659000000,,0.4,0.0,0.0,,0.0,0.0,0.70488601923
2179706000000,,0.4,0.0,0.0,,0.0,0.0,0.70488601923
2179725000000,,0.4,0.0,0.0,,0.0,0.0,0.696205198765
2179744000000,,0.4,0.0,0.0,,0.0,0.0,0.557312071323
2179764000000,,-0.0,0.0,0.0,,0.0,0.0,-0.0
2179783000000,,-0.0,0.0,0.0,,0.0,0.0,-0.0
2179831000000,,-0.0,0.0,0.0,,0.0,0.0,-0.0
2179858000000,,0.0,0.0,0.0,,0.0,0.0,0.0
